task,CreationTimestamp,ProcessID,ParentPID,CommandLine,Image,ProcessType,Registry,Files,Modules,DroppedFiles,DebugStrings,EventsCounters_Network,Scores_Network,Autostart,LowAccess,FileType,Priority,unknown_ip,Suspicious_ip,Malicious_ip,whitelist_ip,unsafe_ip,unknown_domain,Suspicious_domain,Malicious_domain,whitelist_domain,unsafe_domain,unknown_http_request,Suspicious_http_request,Malicious_http_request,whitelist_http_request,unsafe_http_request,HKEY_LOCAL_MACHINE,HKEY_CLASSES_ROOT,HKEY_USERS,HKEY_CURRENT_CONFIG,HKEY_CURRENT_USER,startup_registry_keys,active_setup_registry_keys,services_registry_keys,dll_injection_registry_keys,shell_spawning_registry_keys,internet_settings_registry_keys,bho_registry_keys,label
0c8d54b4-1f6b-431d-b14d-304182e66428,0,1676,1568,C:\Windows\Explorer.EXE,C:\Windows\explorer.exe,Suspicious,51,776,192,0,0,156,True,False,False,WIN-XPR,2,0,4,27,0,0,0,4,27,0,0,0,4,27,0,0,0,0,0,0,22,0,0,0,0,0,0,0,3
0c8d54b4-1f6b-431d-b14d-304182e66428,1530118128524,1212,1676,"""C:\Users\admin\AppData\Local\Temp\ers.exe"" ",C:\Users\admin\AppData\Local\Temp\ers.exe,Main process,4,481,80,1,0,0,False,False,False,NKN,0,0,0,0,0,0,0,0,0,0,0,0,0,0,0,0,0,0,0,0,0,0,0,0,0,0,0,0,2
0c8d54b4-1f6b-431d-b14d-304182e66428,1530118129180,1712,1212,"""C:\Users\admin\AppData\Local\Temp\svhost.exe""",C:\Users\admin\AppData\Local\Temp\svhost.exe,Child process,335,548,86,2,0,0,False,False,False,NKN,0,0,0,0,0,0,0,0,0,0,0,0,0,0,0,0,0,0,0,0,4,0,0,0,0,0,1,0,3
0c8d54b4-1f6b-431d-b14d-304182e66428,1530118129508,2700,1712,"""C:\Users\admin\AppData\Local\Temp\server.exe"" ",C:\Users\admin\AppData\Local\Temp\server.exe,Child process,353,882,86,6,0,0,False,True,False,NKN,0,0,0,0,0,0,0,0,0,0,0,0,0,0,0,0,2,0,0,0,7,1,1,0,0,0,1,0,3
0c8d54b4-1f6b-431d-b14d-304182e66428,1530118129555,2668,1712,"""C:\Program Files\Java\jre1.8.0_92\bin\javaw.exe"" -jar ""C:\Users\admin\AppData\Local\Temp\uro.jar"" ",C:\Program Files\Java\jre1.8.0_92\bin\javaw.exe,Child process,20,1433,126,7,0,0,False,False,False,JVA,0,0,0,0,0,0,0,0,0,0,0,0,0,0,0,0,0,0,0,0,0,0,0,0,0,0,0,0,3
0c8d54b4-1f6b-431d-b14d-304182e66428,1530118129743,3936,2700,svchost.exe,C:\Windows\system32\svchost.exe,Child process,506,965,78,0,0,0,False,True,False,WIN-SYS,0,0,0,0,0,0,0,0,0,0,0,0,0,0,0,0,0,56,0,0,44,1,0,0,0,0,0,0,3
0c8d54b4-1f6b-431d-b14d-304182e66428,1530118129852,2632,2700,"""C:\Program Files\Internet Explorer\iexplore.exe""",C:\Program Files\Internet Explorer\iexplore.exe,Child process,478,1525,162,4,0,40,True,False,False,BRW-IE,3,0,0,1,0,0,0,0,1,0,0,0,1,0,0,0,0,56,0,0,8,0,0,0,0,0,1,0,3
0c8d54b4-1f6b-431d-b14d-304182e66428,1530118130227,2648,2668,"""C:\Program Files\Java\jre1.8.0_92\bin\java.exe"" -jar C:\Users\admin\AppData\Local\Temp\_0.8460482354399003402464001919140524.class",C:\Program Files\Java\jre1.8.0_92\bin\java.exe,Child process,20,1068,61,4,0,366,True,False,False,JVA,0,0,0,0,0,0,0,0,0,0,0,0,0,0,0,0,0,0,0,0,0,0,0,0,0,0,0,0,3
0c8d54b4-1f6b-431d-b14d-304182e66428,1530118130758,3288,2700,"""C:\Users\admin\AppData\Local\Temp\297bin.exe"" ",C:\Users\admin\AppData\Local\Temp\297bin.exe,Child process,0,49,28,0,0,0,False,False,False,NKN,0,0,0,0,0,0,0,0,0,0,0,0,0,0,0,0,0,0,0,0,0,0,0,0,0,0,0,0,3
0c8d54b4-1f6b-431d-b14d-304182e66428,1530118130790,2732,2700,"""C:\Users\admin\AppData\Local\Temp\932build.exe"" ",C:\Users\admin\AppData\Local\Temp\932build.exe,Child process,29,1790,106,4,0,40,True,False,False,NKN,2,0,0,7,0,0,0,0,7,0,0,0,0,7,0,0,0,0,0,0,1,0,0,0,0,0,0,0,3
0c8d54b4-1f6b-431d-b14d-304182e66428,1530118131352,2604,1676,"""C:\Windows\System32\NETSTAT.EXE""",C:\Windows\System32\NETSTAT.EXE,Probably manual launch or APC inject,13,606,54,49,0,0,False,True,False,WIN-SYS,0,0,0,0,0,0,0,0,0,0,0,0,0,0,0,0,0,0,0,0,1,1,0,0,0,0,0,0,3
0c8d54b4-1f6b-431d-b14d-304182e66428,1530118131415,3380,2668,cmd.exe /C cscript.exe C:\Users\admin\AppData\Local\Temp\Retrive1999924631108391036.vbs,C:\Windows\system32\cmd.exe,Child process,6,142,30,0,0,0,False,False,False,SCR-CMD,0,0,0,0,0,0,0,0,0,0,0,0,0,0,0,0,0,0,0,0,0,0,0,0,0,0,0,0,2
0c8d54b4-1f6b-431d-b14d-304182e66428,1530118131508,1752,3380,cscript.exe  C:\Users\admin\AppData\Local\Temp\Retrive1999924631108391036.vbs,C:\Windows\system32\cscript.exe,Child process,20,330,88,0,0,0,False,False,False,NKN,0,0,0,0,0,0,0,0,0,0,0,0,0,0,0,0,0,0,0,0,0,0,0,0,0,0,0,0,0
0c8d54b4-1f6b-431d-b14d-304182e66428,1530118131680,3524,2632,"""C:\Users\admin\AppData\Roaming\InstallDir\Server.exe"" ",C:\Users\admin\AppData\Roaming\InstallDir\Server.exe,Child process,30,279,70,1,0,0,False,True,False,NKN,0,0,0,0,0,0,0,0,0,0,0,0,0,0,0,0,2,0,0,0,4,1,1,0,0,0,0,0,3
0c8d54b4-1f6b-431d-b14d-304182e66428,1530118131790,2804,2648,cmd.exe /C cscript.exe C:\Users\admin\AppData\Local\Temp\Retrive8936703955579264908.vbs,C:\Windows\system32\cmd.exe,Child process,6,118,28,0,0,0,False,False,False,SCR-CMD,0,0,0,0,0,0,0,0,0,0,0,0,0,0,0,0,0,0,0,0,0,0,0,0,0,0,0,0,2
0c8d54b4-1f6b-431d-b14d-304182e66428,1530118131899,1504,2804,cscript.exe  C:\Users\admin\AppData\Local\Temp\Retrive8936703955579264908.vbs,C:\Windows\system32\cscript.exe,Child process,20,291,88,0,0,0,False,False,False,NKN,0,0,0,0,0,0,0,0,0,0,0,0,0,0,0,0,0,0,0,0,0,0,0,0,0,0,0,0,0
0c8d54b4-1f6b-431d-b14d-304182e66428,1530118131930,3768,2668,cmd.exe /C cscript.exe C:\Users\admin\AppData\Local\Temp\Retrive9031309301049679834.vbs,C:\Windows\system32\cmd.exe,Child process,6,116,28,0,0,0,False,False,False,SCR-CMD,0,0,0,0,0,0,0,0,0,0,0,0,0,0,0,0,0,0,0,0,0,0,0,0,0,0,0,0,2
0c8d54b4-1f6b-431d-b14d-304182e66428,1530118132055,3972,3524,"""C:\Program Files\Internet Explorer\iexplore.exe""",C:\Program Files\Internet Explorer\iexplore.exe,Child process,65,519,164,0,0,16,True,True,False,BRW-IE,2,0,0,1,0,0,0,0,1,0,0,0,0,0,0,0,2,0,0,0,5,1,1,0,0,0,0,0,3
0c8d54b4-1f6b-431d-b14d-304182e66428,1530118132055,1724,3768,cscript.exe  C:\Users\admin\AppData\Local\Temp\Retrive9031309301049679834.vbs,C:\Windows\system32\cscript.exe,Child process,20,296,88,0,0,0,False,False,False,NKN,0,0,0,0,0,0,0,0,0,0,0,0,0,0,0,0,0,0,0,0,0,0,0,0,0,0,0,0,0
0c8d54b4-1f6b-431d-b14d-304182e66428,1530118137071,4052,2648,cmd.exe /C cscript.exe C:\Users\admin\AppData\Local\Temp\Retrive8854503583283939257.vbs,C:\Windows\system32\cmd.exe,Child process,6,118,28,0,0,0,False,False,False,SCR-CMD,0,0,0,0,0,0,0,0,0,0,0,0,0,0,0,0,0,0,0,0,0,0,0,0,0,0,0,0,2
0c8d54b4-1f6b-431d-b14d-304182e66428,1530118137149,2620,2668,"xcopy ""C:\Program Files\Java\jre1.8.0_92"" ""C:\Users\admin\AppData\Roaming\Oracle\"" /e",C:\Windows\system32\xcopy.exe,Child process,0,5628,42,195,0,0,False,False,False,WIN-SYS,0,0,0,0,0,0,0,0,0,0,0,0,0,0,0,0,0,0,0,0,0,0,0,0,0,0,0,0,2
0c8d54b4-1f6b-431d-b14d-304182e66428,1530118137180,3312,2604,"/c del ""C:\Users\admin\AppData\Local\Temp\297bin.exe""",C:\Windows\System32\cmd.exe,Child process,6,63,24,0,0,0,False,False,False,WIN-SYS,0,0,0,0,0,0,0,0,0,0,0,0,0,0,0,0,0,0,0,0,0,0,0,0,0,0,0,0,0
0c8d54b4-1f6b-431d-b14d-304182e66428,1530118137258,1172,4052,cscript.exe  C:\Users\admin\AppData\Local\Temp\Retrive8854503583283939257.vbs,C:\Windows\system32\cscript.exe,Child process,20,297,88,0,0,0,False,False,False,NKN,0,0,0,0,0,0,0,0,0,0,0,0,0,0,0,0,0,0,0,0,0,0,0,0,0,0,0,0,0
0c8d54b4-1f6b-431d-b14d-304182e66428,1530118140461,3824,2668,"reg add HKCU\Software\Microsoft\Windows\CurrentVersion\Run /v PncVoJCIlqX /t REG_EXPAND_SZ /d ""\""C:\Users\admin\AppData\Roaming\Oracle\bin\javaw.exe\"" -jar \""C:\Users\admin\eNSBiwAwNEK\hwZNrnKcIhn.dthUyf\"""" /f",C:\Windows\system32\reg.exe,Child process,1,47,34,0,0,0,False,True,False,WIN-SYS,0,0,0,0,0,0,0,0,0,0,0,0,0,0,0,0,0,0,0,0,1,1,0,0,0,0,0,0,3
0c8d54b4-1f6b-431d-b14d-304182e66428,1530118140477,2040,2668,"attrib +h ""C:\Users\admin\eNSBiwAwNEK\*.*""",C:\Windows\system32\attrib.exe,Child process,0,62,30,0,0,0,False,False,False,WIN-SYS,0,0,0,0,0,0,0,0,0,0,0,0,0,0,0,0,0,0,0,0,0,0,0,0,0,0,0,0,0
0c8d54b4-1f6b-431d-b14d-304182e66428,1530118140493,272,2668,"attrib +h ""C:\Users\admin\eNSBiwAwNEK""",C:\Windows\system32\attrib.exe,Child process,0,57,30,0,0,0,False,False,False,WIN-SYS,0,0,0,0,0,0,0,0,0,0,0,0,0,0,0,0,0,0,0,0,0,0,0,0,0,0,0,0,0
0c8d54b4-1f6b-431d-b14d-304182e66428,1530118140493,2832,2668,C:\Users\admin\AppData\Roaming\Oracle\bin\javaw.exe -jar C:\Users\admin\eNSBiwAwNEK\hwZNrnKcIhn.dthUyf,C:\Users\admin\AppData\Roaming\Oracle\bin\javaw.exe,Child process,43,7439,90,8,0,39,True,False,False,JVA,2,0,0,2,0,0,0,0,2,0,0,0,0,1,0,0,0,0,0,0,3,0,0,0,0,0,0,0,3
0c8d54b4-1f6b-431d-b14d-304182e66428,1530118141196,3468,2832,C:\Users\admin\AppData\Roaming\Oracle\bin\java.exe -jar C:\Users\admin\AppData\Local\Temp\_0.24764171190764352484400218524998609.class,C:\Users\admin\AppData\Roaming\Oracle\bin\java.exe,Child process,20,1144,61,3,0,345,True,False,False,JVA,0,0,0,0,0,0,0,0,0,0,0,0,0,0,0,0,0,0,0,0,0,0,0,0,0,0,0,0,3
0c8d54b4-1f6b-431d-b14d-304182e66428,1530118141836,2260,2832,cmd.exe /C cscript.exe C:\Users\admin\AppData\Local\Temp\Retrive2583536309369024271.vbs,C:\Windows\system32\cmd.exe,Child process,6,116,28,0,0,0,False,False,False,SCR-CMD,0,0,0,0,0,0,0,0,0,0,0,0,0,0,0,0,0,0,0,0,0,0,0,0,0,0,0,0,2
0c8d54b4-1f6b-431d-b14d-304182e66428,1530118141915,3360,2260,cscript.exe  C:\Users\admin\AppData\Local\Temp\Retrive2583536309369024271.vbs,C:\Windows\system32\cscript.exe,Child process,20,291,88,0,0,0,False,False,False,NKN,0,0,0,0,0,0,0,0,0,0,0,0,0,0,0,0,0,0,0,0,0,0,0,0,0,0,0,0,0
0c8d54b4-1f6b-431d-b14d-304182e66428,1530118142149,1732,2832,cmd.exe /C cscript.exe C:\Users\admin\AppData\Local\Temp\Retrive2299847642831234221.vbs,C:\Windows\system32\cmd.exe,Child process,6,117,28,0,0,0,False,False,False,SCR-CMD,0,0,0,0,0,0,0,0,0,0,0,0,0,0,0,0,0,0,0,0,0,0,0,0,0,0,0,0,2
0c8d54b4-1f6b-431d-b14d-304182e66428,1530118142211,3896,1732,cscript.exe  C:\Users\admin\AppData\Local\Temp\Retrive2299847642831234221.vbs,C:\Windows\system32\cscript.exe,Child process,20,297,88,0,0,0,False,False,False,NKN,0,0,0,0,0,0,0,0,0,0,0,0,0,0,0,0,0,0,0,0,0,0,0,0,0,0,0,0,0
0c8d54b4-1f6b-431d-b14d-304182e66428,1530118142321,2044,3468,cmd.exe /C cscript.exe C:\Users\admin\AppData\Local\Temp\Retrive6269903776313989190.vbs,C:\Windows\system32\cmd.exe,Child process,6,116,28,0,0,0,False,False,False,SCR-CMD,0,0,0,0,0,0,0,0,0,0,0,0,0,0,0,0,0,0,0,0,0,0,0,0,0,0,0,0,2
0c8d54b4-1f6b-431d-b14d-304182e66428,1530118142430,3200,2044,cscript.exe  C:\Users\admin\AppData\Local\Temp\Retrive6269903776313989190.vbs,C:\Windows\system32\cscript.exe,Child process,20,291,88,0,0,0,False,False,False,NKN,0,0,0,0,0,0,0,0,0,0,0,0,0,0,0,0,0,0,0,0,0,0,0,0,0,0,0,0,0
0c8d54b4-1f6b-431d-b14d-304182e66428,1530118142883,648,3468,cmd.exe /C cscript.exe C:\Users\admin\AppData\Local\Temp\Retrive644136147533753850.vbs,C:\Windows\system32\cmd.exe,Child process,6,117,28,0,0,0,False,False,False,SCR-CMD,0,0,0,0,0,0,0,0,0,0,0,0,0,0,0,0,0,0,0,0,0,0,0,0,0,0,0,0,2
0c8d54b4-1f6b-431d-b14d-304182e66428,1530118142946,3808,648,cscript.exe  C:\Users\admin\AppData\Local\Temp\Retrive644136147533753850.vbs,C:\Windows\system32\cscript.exe,Child process,20,297,88,0,0,0,False,False,False,NKN,0,0,0,0,0,0,0,0,0,0,0,0,0,0,0,0,0,0,0,0,0,0,0,0,0,0,0,0,0
0c8d54b4-1f6b-431d-b14d-304182e66428,1530118144774,2996,2832,taskkill /IM UserAccountControlSettings.exe /T /F,C:\Windows\system32\taskkill.exe,Child process,4,192,84,0,0,0,False,False,False,WIN-SYS,0,0,0,0,0,0,0,0,0,0,0,0,0,0,0,0,0,0,0,0,0,0,0,0,0,0,0,0,0
0c8d54b4-1f6b-431d-b14d-304182e66428,1530118144790,2572,2832,cmd.exe /c regedit.exe /s C:\Users\admin\AppData\Local\Temp\WikZdmdOYt4207743226293493108.reg,C:\Windows\system32\cmd.exe,Child process,36,247,72,0,0,0,False,False,False,SCR-CMD,0,0,0,0,0,0,0,0,0,0,0,0,0,0,0,0,0,0,0,0,4,0,0,0,0,0,1,0,0
0c8d54b4-1f6b-431d-b14d-304182e66428,1530118144946,764,2572,regedit.exe  /s C:\Users\admin\AppData\Local\Temp\WikZdmdOYt4207743226293493108.reg,C:\Windows\regedit.exe,Child process,0,4,4,0,0,0,False,False,False,WIN-TOL,0,0,0,0,0,0,0,0,0,0,0,0,0,0,0,0,0,0,0,0,0,0,0,0,0,0,0,0,0
0c8d54b4-1f6b-431d-b14d-304182e66428,1530118145086,792,2572,"""C:\Windows\regedit.exe""  /s C:\Users\admin\AppData\Local\Temp\WikZdmdOYt4207743226293493108.reg",C:\Windows\regedit.exe,Child process,0,4,4,0,0,0,False,False,False,WIN-TOL,0,0,0,0,0,0,0,0,0,0,0,0,0,0,0,0,0,0,0,0,0,0,0,0,0,0,0,0,0
0c8d54b4-1f6b-431d-b14d-304182e66428,1530118145792,664,2832,taskkill /IM Taskmgr.exe /T /F,C:\Windows\system32\taskkill.exe,Child process,4,191,84,0,0,0,False,False,False,WIN-SYS,0,0,0,0,0,0,0,0,0,0,0,0,0,0,0,0,0,0,0,0,0,0,0,0,0,0,0,0,0
0c8d54b4-1f6b-431d-b14d-304182e66428,1530118146811,1396,2832,taskkill /IM ProcessHacker.exe /T /F,C:\Windows\system32\taskkill.exe,Child process,5,191,84,0,0,0,False,False,False,WIN-SYS,0,0,0,0,0,0,0,0,0,0,0,0,0,0,0,0,0,0,0,0,0,0,0,0,0,0,0,0,0
0c8d54b4-1f6b-431d-b14d-304182e66428,1530118147811,1008,2832,taskkill /IM procexp.exe /T /F,C:\Windows\system32\taskkill.exe,Child process,4,191,91,0,0,0,False,False,False,WIN-SYS,0,0,0,0,0,0,0,0,0,0,0,0,0,0,0,0,0,0,0,0,0,0,0,0,0,0,0,0,0
0c8d54b4-1f6b-431d-b14d-304182e66428,1530118148811,3020,2832,taskkill /IM MSASCui.exe /T /F,C:\Windows\system32\taskkill.exe,Child process,4,191,84,0,0,0,False,False,False,WIN-SYS,0,0,0,0,0,0,0,0,0,0,0,0,0,0,0,0,0,0,0,0,0,0,0,0,0,0,0,0,0
0c8d54b4-1f6b-431d-b14d-304182e66428,1530118149170,2212,2572,"""C:\Windows\regedit.exe""  /s C:\Users\admin\AppData\Local\Temp\WikZdmdOYt4207743226293493108.reg",C:\Windows\regedit.exe,Child process,205,130,56,0,0,0,False,True,False,WIN-TOL,0,0,0,0,0,0,0,0,0,0,0,0,0,0,0,0,96,0,0,0,4,0,0,0,0,0,0,0,3
0c8d54b4-1f6b-431d-b14d-304182e66428,1530118149811,452,2832,taskkill /IM MsMpEng.exe /T /F,C:\Windows\system32\taskkill.exe,Child process,4,191,84,0,0,0,False,False,False,WIN-SYS,0,0,0,0,0,0,0,0,0,0,0,0,0,0,0,0,0,0,0,0,0,0,0,0,0,0,0,0,0
0c8d54b4-1f6b-431d-b14d-304182e66428,1530118150811,2864,2832,taskkill /IM MpUXSrv.exe /T /F,C:\Windows\system32\taskkill.exe,Child process,4,191,84,0,0,0,False,False,False,WIN-SYS,0,0,0,0,0,0,0,0,0,0,0,0,0,0,0,0,0,0,0,0,0,0,0,0,0,0,0,0,0
0c8d54b4-1f6b-431d-b14d-304182e66428,1530118151827,2712,2832,taskkill /IM MpCmdRun.exe /T /F,C:\Windows\system32\taskkill.exe,Child process,4,191,84,0,0,0,False,False,False,WIN-SYS,0,0,0,0,0,0,0,0,0,0,0,0,0,0,0,0,0,0,0,0,0,0,0,0,0,0,0,0,0
0c8d54b4-1f6b-431d-b14d-304182e66428,1530118152827,1476,2832,taskkill /IM NisSrv.exe /T /F,C:\Windows\system32\taskkill.exe,Child process,4,191,84,0,0,0,False,False,False,WIN-SYS,0,0,0,0,0,0,0,0,0,0,0,0,0,0,0,0,0,0,0,0,0,0,0,0,0,0,0,0,0
0c8d54b4-1f6b-431d-b14d-304182e66428,1530118153858,2020,2832,taskkill /IM ConfigSecurityPolicy.exe /T /F,C:\Windows\system32\taskkill.exe,Child process,4,191,84,0,0,0,False,False,False,WIN-SYS,0,0,0,0,0,0,0,0,0,0,0,0,0,0,0,0,0,0,0,0,0,0,0,0,0,0,0,0,0
0c8d54b4-1f6b-431d-b14d-304182e66428,1530118154858,1804,2832,taskkill /IM procexp.exe /T /F,C:\Windows\system32\taskkill.exe,Child process,4,191,84,0,0,0,False,False,False,WIN-SYS,0,0,0,0,0,0,0,0,0,0,0,0,0,0,0,0,0,0,0,0,0,0,0,0,0,0,0,0,0
0c8d54b4-1f6b-431d-b14d-304182e66428,1530118155858,2360,2832,taskkill /IM wireshark.exe /T /F,C:\Windows\system32\taskkill.exe,Child process,4,191,84,0,0,0,False,False,False,WIN-SYS,0,0,0,0,0,0,0,0,0,0,0,0,0,0,0,0,0,0,0,0,0,0,0,0,0,0,0,0,0
0c8d54b4-1f6b-431d-b14d-304182e66428,1530118156748,3120,2832,WMIC /Node:localhost /Namespace:\\root\cimv2 Path Win32_PnpSignedDriver Get /Format:List,C:\Windows\System32\Wbem\WMIC.exe,Child process,24,344,96,0,0,0,False,False,False,NKN,0,0,0,0,0,0,0,0,0,0,0,0,0,0,0,0,0,0,0,0,0,0,0,0,0,0,0,0,0
0c8d54b4-1f6b-431d-b14d-304182e66428,1530118156858,3064,2832,taskkill /IM tshark.exe /T /F,C:\Windows\system32\taskkill.exe,Child process,4,191,84,0,0,0,False,False,False,WIN-SYS,0,0,0,0,0,0,0,0,0,0,0,0,0,0,0,0,0,0,0,0,0,0,0,0,0,0,0,0,0
0c8d54b4-1f6b-431d-b14d-304182e66428,1530118157155,3032,2832,"""C:\Program Files\Internet Explorer\iexplore.exe"" -nohome",C:\Program Files\Internet Explorer\iexplore.exe,Child process,174,1764,148,7,0,4,True,False,False,BRW-IE,0,0,0,0,1,0,0,0,0,1,0,0,0,0,1,0,0,0,0,0,23,0,0,0,0,0,1,0,1
0c8d54b4-1f6b-431d-b14d-304182e66428,1530118157670,1812,3032,"""C:\Program Files\Internet Explorer\iexplore.exe"" SCODEF:3032 CREDAT:79873",C:\Program Files\Internet Explorer\iexplore.exe,Child process,436,1606,226,3,0,28,True,False,False,BRW-IE,2,0,0,1,0,0,0,0,1,0,0,0,0,1,0,0,0,0,0,0,29,0,0,0,0,0,1,0,3
0c8d54b4-1f6b-431d-b14d-304182e66428,1530118157858,2636,2832,taskkill /IM text2pcap.exe /T /F,C:\Windows\system32\taskkill.exe,Child process,4,191,84,0,0,0,False,False,False,WIN-SYS,0,0,0,0,0,0,0,0,0,0,0,0,0,0,0,0,0,0,0,0,0,0,0,0,0,0,0,0,0
0c8d54b4-1f6b-431d-b14d-304182e66428,1530118158858,1712,2832,taskkill /IM rawshark.exe /T /F,C:\Windows\system32\taskkill.exe,Child process,4,191,105,0,0,0,False,False,False,WIN-SYS,0,0,0,0,0,0,0,0,0,0,0,0,0,0,0,0,0,0,0,0,0,0,0,0,0,0,0,0,0
0c8d54b4-1f6b-431d-b14d-304182e66428,1530118159873,1724,2832,taskkill /IM mergecap.exe /T /F,C:\Windows\system32\taskkill.exe,Child process,4,193,106,0,0,0,False,False,False,WIN-SYS,0,0,0,0,0,0,0,0,0,0,0,0,0,0,0,0,0,0,0,0,0,0,0,0,0,0,0,0,0
0c8d54b4-1f6b-431d-b14d-304182e66428,1530118160873,820,2832,taskkill /IM editcap.exe /T /F,C:\Windows\system32\taskkill.exe,Child process,4,191,84,0,0,0,False,False,False,WIN-SYS,0,0,0,0,0,0,0,0,0,0,0,0,0,0,0,0,0,0,0,0,0,0,0,0,0,0,0,0,0
0c8d54b4-1f6b-431d-b14d-304182e66428,1530118161873,2636,2832,taskkill /IM dumpcap.exe /T /F,C:\Windows\system32\taskkill.exe,Child process,4,191,105,0,0,0,False,False,False,WIN-SYS,0,0,0,0,0,0,0,0,0,0,0,0,0,0,0,0,0,0,0,0,0,0,0,0,0,0,0,0,0
0c8d54b4-1f6b-431d-b14d-304182e66428,1530118162873,2220,2832,taskkill /IM capinfos.exe /T /F,C:\Windows\system32\taskkill.exe,Child process,4,191,84,0,0,0,False,False,False,WIN-SYS,0,0,0,0,0,0,0,0,0,0,0,0,0,0,0,0,0,0,0,0,0,0,0,0,0,0,0,0,0
0c8d54b4-1f6b-431d-b14d-304182e66428,1530118163436,3920,2832,C:\Windows\System32\wscript.exe //B //Nologo C:\Users\admin\AppData\Local\Temp\wGdloeVtFi4251018228522772888.vbs,C:\Windows\System32\wscript.exe,Child process,365,665,92,0,0,0,False,False,False,SCR-WS,0,0,0,0,0,0,0,0,0,0,0,0,0,0,0,0,0,0,0,0,0,0,0,0,0,0,0,0,0
0c8d54b4-1f6b-431d-b14d-304182e66428,1530118163873,2368,2832,taskkill /IM mbam.exe /T /F,C:\Windows\system32\taskkill.exe,Child process,4,191,84,0,0,0,False,False,False,WIN-SYS,0,0,0,0,0,0,0,0,0,0,0,0,0,0,0,0,0,0,0,0,0,0,0,0,0,0,0,0,0
0c8d54b4-1f6b-431d-b14d-304182e66428,1530118164608,2092,3920,"""C:\Users\admin\AppData\Local\Temp\caAvqDrpWFj190676615081889284.ieos.exe"" ",C:\Users\admin\AppData\Local\Temp\caAvqDrpWFj190676615081889284.ieos.exe,Child process,4,467,80,1,0,0,False,False,False,NKN,0,0,0,0,0,0,0,0,0,0,0,0,0,0,0,0,0,0,0,0,0,0,0,0,0,0,0,0,3
0c8d54b4-1f6b-431d-b14d-304182e66428,1530118164873,1752,2832,taskkill /IM mbamscheduler.exe /T /F,C:\Windows\system32\taskkill.exe,Child process,5,191,106,0,0,0,False,False,False,WIN-SYS,0,0,0,0,0,0,0,0,0,0,0,0,0,0,0,0,0,0,0,0,0,0,0,0,0,0,0,0,0
0c8d54b4-1f6b-431d-b14d-304182e66428,1530118164952,3036,2092,"""C:\Users\admin\AppData\Local\Temp\svhost.exe""",C:\Users\admin\AppData\Local\Temp\svhost.exe,Child process,327,494,66,2,0,0,False,False,False,NKN,0,0,0,0,0,0,0,0,0,0,0,0,0,0,0,0,0,0,0,0,0,0,0,0,0,0,0,0,3
0c8d54b4-1f6b-431d-b14d-304182e66428,1530118165873,3280,2832,taskkill /IM mbamservice.exe /T /F,C:\Windows\system32\taskkill.exe,Child process,4,191,84,0,0,0,False,False,False,WIN-SYS,0,0,0,0,0,0,0,0,0,0,0,0,0,0,0,0,0,0,0,0,0,0,0,0,0,0,0,0,0
0c8d54b4-1f6b-431d-b14d-304182e66428,1530118165920,2520,3036,"""C:\Users\admin\AppData\Local\Temp\ony.exe"" ",C:\Users\admin\AppData\Local\Temp\ony.exe,Child process,113,25839,92,2,0,24,True,False,False,NKN,0,2,0,0,0,1,2,0,0,0,1,0,0,0,0,1,12,12,0,0,1,0,0,0,0,0,0,0,3
0c8d54b4-1f6b-431d-b14d-304182e66428,1530118165998,2656,3036,"""C:\Users\admin\AppData\Local\Temp\stub.exe"" ",C:\Users\admin\AppData\Local\Temp\stub.exe,Child process,64,2696,152,7,0,11,True,True,False,NKN,3,0,1,0,0,1,0,0,0,0,1,0,1,0,0,1,12,0,0,0,11,1,0,0,0,0,1,0,3
0c8d54b4-1f6b-431d-b14d-304182e66428,1530118166014,1532,1812,"""C:\Users\admin\AppData\Local\Microsoft\Windows\Temporary Internet Files\Content.IE5\OP5DQHUV\ieos[1].exe"" ",C:\Users\admin\AppData\Local\Microsoft\Windows\Temporary Internet Files\Content.IE5\OP5DQHUV\ieos[1].exe,Child process,4,509,82,1,0,0,False,False,False,NKN,0,0,0,0,0,0,0,0,0,0,0,0,0,0,0,0,0,0,0,0,0,0,0,0,0,0,0,0,3
0c8d54b4-1f6b-431d-b14d-304182e66428,1530118166717,2904,1532,"""C:\Users\admin\AppData\Local\Temp\svhost.exe""",C:\Users\admin\AppData\Local\Temp\svhost.exe,Child process,0,68,32,0,0,0,False,False,False,NKN,0,0,0,0,0,0,0,0,0,0,0,0,0,0,0,0,0,0,0,0,0,0,0,0,0,0,0,0,3
0c8d54b4-1f6b-431d-b14d-304182e66428,1530118166877,1584,2832,taskkill /IM AdAwareService.exe /T /F,C:\Windows\system32\taskkill.exe,Child process,5,191,84,0,0,0,False,False,False,WIN-SYS,0,0,0,0,0,0,0,0,0,0,0,0,0,0,0,0,0,0,0,0,0,0,0,0,0,0,0,0,0
0c8d54b4-1f6b-431d-b14d-304182e66428,1530118167884,4092,2832,taskkill /IM AdAwareTray.exe /T /F,C:\Windows\system32\taskkill.exe,Child process,4,191,84,0,0,0,False,False,False,WIN-SYS,0,0,0,0,0,0,0,0,0,0,0,0,0,0,0,0,0,0,0,0,0,0,0,0,0,0,0,0,0
0c8d54b4-1f6b-431d-b14d-304182e66428,1530118168884,2348,2832,taskkill /IM WebCompanion.exe /T /F,C:\Windows\system32\taskkill.exe,Child process,5,191,84,0,0,0,False,False,False,WIN-SYS,0,0,0,0,0,0,0,0,0,0,0,0,0,0,0,0,0,0,0,0,0,0,0,0,0,0,0,0,0
0c8d54b4-1f6b-431d-b14d-304182e66428,1530118169884,3044,2832,taskkill /IM AdAwareDesktop.exe /T /F,C:\Windows\system32\taskkill.exe,Child process,5,191,84,0,0,0,False,False,False,WIN-SYS,0,0,0,0,0,0,0,0,0,0,0,0,0,0,0,0,0,0,0,0,0,0,0,0,0,0,0,0,0
0c8d54b4-1f6b-431d-b14d-304182e66428,1530118170650,1420,2656,"C:\Windows\system32\cmd.exe /c netsh firewall add allowedprogram program = STcONaURjstoJeQ(uMqeEfSfaGeNmho(""yJmAEIBBXdvRXSFRGegUiJnA"")) name = STcONaURjstoJeQ(uMqeEfSfaGeNmho(""XQ0V1bwVGZ0FQZ=="")) mode = ENABLE",C:\Windows\system32\cmd.exe,Child process,6,100,26,0,0,0,False,False,False,SCR-CMD,0,0,0,0,0,0,0,0,0,0,0,0,0,0,0,0,0,0,0,0,0,0,0,0,0,0,0,0,2
0c8d54b4-1f6b-431d-b14d-304182e66428,1530118170728,1944,1420,"netsh  firewall add allowedprogram program = STcONaURjstoJeQ(uMqeEfSfaGeNmho(""yJmAEIBBXdvRXSFRGegUiJnA"")) name = STcONaURjstoJeQ(uMqeEfSfaGeNmho(""XQ0V1bwVGZ0FQZ=="")) mode = ENABLE",C:\Windows\system32\netsh.exe,Child process,46,547,228,0,0,0,False,False,False,WIN-SYS,0,0,0,0,0,0,0,0,0,0,0,0,0,0,0,0,0,44,0,0,0,0,0,0,0,0,0,0,0
0c8d54b4-1f6b-431d-b14d-304182e66428,1530118170837,2168,2656,"""C:\Windows\system32\rundll32.exe"" ""C:\Windows\system32\WININET.dll"",DispatchAPICall 1 ",C:\Windows\system32\rundll32.exe,Child process,16,284,90,0,0,0,False,False,False,WIN-SYS,0,0,0,0,0,0,0,0,0,0,0,0,0,0,0,0,0,0,0,0,0,0,0,0,0,0,0,0,2
0c8d54b4-1f6b-431d-b14d-304182e66428,1530118170884,1600,2832,taskkill /IM V3Main.exe /T /F,C:\Windows\system32\taskkill.exe,Child process,4,191,91,0,0,0,False,False,False,WIN-SYS,0,0,0,0,0,0,0,0,0,0,0,0,0,0,0,0,0,0,0,0,0,0,0,0,0,0,0,0,0
0c8d54b4-1f6b-431d-b14d-304182e66428,1530118171681,3388,2520,"C:\Windows\Microsoft.NET\Framework\v2.0.50727\vbc.exe /stext ""C:\Users\admin\AppData\Local\Temp\holdermail.txt""",C:\Windows\Microsoft.NET\Framework\v2.0.50727\vbc.exe,Child process,4,142,59,0,0,0,False,False,False,NKN,0,0,0,0,0,0,0,0,0,0,0,0,0,0,0,0,0,0,0,0,0,0,0,0,0,0,0,0,0
0c8d54b4-1f6b-431d-b14d-304182e66428,1530118171884,3368,2832,taskkill /IM V3Svc.exe /T /F,C:\Windows\system32\taskkill.exe,Child process,4,191,84,0,0,0,False,False,False,WIN-SYS,0,0,0,0,0,0,0,0,0,0,0,0,0,0,0,0,0,0,0,0,0,0,0,0,0,0,0,0,0
0c8d54b4-1f6b-431d-b14d-304182e66428,1530118172915,2836,2832,taskkill /IM V3Up.exe /T /F,C:\Windows\system32\taskkill.exe,Child process,4,191,84,0,0,0,False,False,False,WIN-SYS,0,0,0,0,0,0,0,0,0,0,0,0,0,0,0,0,0,0,0,0,0,0,0,0,0,0,0,0,0
0c8d54b4-1f6b-431d-b14d-304182e66428,1530118173915,2436,2832,taskkill /IM V3SP.exe /T /F,C:\Windows\system32\taskkill.exe,Child process,4,191,84,0,0,0,False,False,False,WIN-SYS,0,0,0,0,0,0,0,0,0,0,0,0,0,0,0,0,0,0,0,0,0,0,0,0,0,0,0,0,0
0c8d54b4-1f6b-431d-b14d-304182e66428,1530118174915,2016,2832,taskkill /IM V3Proxy.exe /T /F,C:\Windows\system32\taskkill.exe,Child process,4,191,84,0,0,0,False,False,False,WIN-SYS,0,0,0,0,0,0,0,0,0,0,0,0,0,0,0,0,0,0,0,0,0,0,0,0,0,0,0,0,0
0c8d54b4-1f6b-431d-b14d-304182e66428,1530118175915,3724,2832,taskkill /IM V3Medic.exe /T /F,C:\Windows\system32\taskkill.exe,Child process,4,191,84,0,0,0,False,False,False,WIN-SYS,0,0,0,0,0,0,0,0,0,0,0,0,0,0,0,0,0,0,0,0,0,0,0,0,0,0,0,0,0
0c8d54b4-1f6b-431d-b14d-304182e66428,1530118176915,2276,2832,taskkill /IM BgScan.exe /T /F,C:\Windows\system32\taskkill.exe,Child process,4,191,84,0,0,0,False,False,False,WIN-SYS,0,0,0,0,0,0,0,0,0,0,0,0,0,0,0,0,0,0,0,0,0,0,0,0,0,0,0,0,0
0c8d54b4-1f6b-431d-b14d-304182e66428,1530118177931,2536,2832,taskkill /IM BullGuard.exe /T /F,C:\Windows\system32\taskkill.exe,Child process,4,191,84,0,0,0,False,False,False,WIN-SYS,0,0,0,0,0,0,0,0,0,0,0,0,0,0,0,0,0,0,0,0,0,0,0,0,0,0,0,0,0
0c8d54b4-1f6b-431d-b14d-304182e66428,1530118178947,2128,2832,taskkill /IM BullGuardBhvScanner.exe /T /F,C:\Windows\system32\taskkill.exe,Child process,4,191,84,0,0,0,False,False,False,WIN-SYS,0,0,0,0,0,0,0,0,0,0,0,0,0,0,0,0,0,0,0,0,0,0,0,0,0,0,0,0,0
0c8d54b4-1f6b-431d-b14d-304182e66428,1530118179947,3596,2832,taskkill /IM BullGuarScanner.exe /T /F,C:\Windows\system32\taskkill.exe,Child process,5,191,84,0,0,0,False,False,False,WIN-SYS,0,0,0,0,0,0,0,0,0,0,0,0,0,0,0,0,0,0,0,0,0,0,0,0,0,0,0,0,0
0c8d54b4-1f6b-431d-b14d-304182e66428,1530118180962,2752,2832,taskkill /IM LittleHook.exe /T /F,C:\Windows\system32\taskkill.exe,Child process,4,191,84,0,0,0,False,False,False,WIN-SYS,0,0,0,0,0,0,0,0,0,0,0,0,0,0,0,0,0,0,0,0,0,0,0,0,0,0,0,0,0
0c8d54b4-1f6b-431d-b14d-304182e66428,1530118181681,3028,2520,"C:\Windows\Microsoft.NET\Framework\v2.0.50727\vbc.exe /stext ""C:\Users\admin\AppData\Local\Temp\holderwb.txt""",C:\Windows\Microsoft.NET\Framework\v2.0.50727\vbc.exe,Child process,5,626,132,1,0,0,False,False,False,NKN,0,0,0,0,0,0,0,0,0,0,0,0,0,0,0,0,0,0,0,0,0,0,0,0,0,0,0,0,0
0c8d54b4-1f6b-431d-b14d-304182e66428,1530118181962,996,2832,taskkill /IM BullGuardUpdate.exe /T /F,C:\Windows\system32\taskkill.exe,Child process,5,191,84,0,0,0,False,False,False,WIN-SYS,0,0,0,0,0,0,0,0,0,0,0,0,0,0,0,0,0,0,0,0,0,0,0,0,0,0,0,0,0
0c8d54b4-1f6b-431d-b14d-304182e66428,1530118182962,1348,2832,taskkill /IM clamscan.exe /T /F,C:\Windows\system32\taskkill.exe,Child process,4,191,84,0,0,0,False,False,False,WIN-SYS,0,0,0,0,0,0,0,0,0,0,0,0,0,0,0,0,0,0,0,0,0,0,0,0,0,0,0,0,0
0c8d54b4-1f6b-431d-b14d-304182e66428,1530118183962,3844,2832,taskkill /IM ClamTray.exe /T /F,C:\Windows\system32\taskkill.exe,Child process,4,191,84,0,0,0,False,False,False,WIN-SYS,0,0,0,0,0,0,0,0,0,0,0,0,0,0,0,0,0,0,0,0,0,0,0,0,0,0,0,0,0
0c8d54b4-1f6b-431d-b14d-304182e66428,1530118184962,1768,2832,taskkill /IM ClamWin.exe /T /F,C:\Windows\system32\taskkill.exe,Child process,4,191,84,0,0,0,False,False,False,WIN-SYS,0,0,0,0,0,0,0,0,0,0,0,0,0,0,0,0,0,0,0,0,0,0,0,0,0,0,0,0,0
0c8d54b4-1f6b-431d-b14d-304182e66428,1530118185962,1252,2832,taskkill /IM cis.exe /T /F,C:\Windows\system32\taskkill.exe,Child process,4,191,84,0,0,0,False,False,False,WIN-SYS,0,0,0,0,0,0,0,0,0,0,0,0,0,0,0,0,0,0,0,0,0,0,0,0,0,0,0,0,0
0c8d54b4-1f6b-431d-b14d-304182e66428,1530118186962,3044,2832,taskkill /IM CisTray.exe /T /F,C:\Windows\system32\taskkill.exe,Child process,4,191,105,0,0,0,False,False,False,WIN-SYS,0,0,0,0,0,0,0,0,0,0,0,0,0,0,0,0,0,0,0,0,0,0,0,0,0,0,0,0,0
0c8d54b4-1f6b-431d-b14d-304182e66428,1530118187619,3588,2604,"""C:\Program Files\Mozilla Firefox\Firefox.exe""",C:\Program Files\Mozilla Firefox\Firefox.exe,Child process,0,276,100,1,0,0,False,False,False,BRW-FF,0,0,0,0,0,0,0,0,0,0,0,0,0,0,0,0,0,0,0,0,0,0,0,0,0,0,0,0,3
0c8d54b4-1f6b-431d-b14d-304182e66428,1530118187962,3256,2832,taskkill /IM cmdagent.exe /T /F,C:\Windows\system32\taskkill.exe,Child process,4,191,91,0,0,0,False,False,False,WIN-SYS,0,0,0,0,0,0,0,0,0,0,0,0,0,0,0,0,0,0,0,0,0,0,0,0,0,0,0,0,0
0c8d54b4-1f6b-431d-b14d-304182e66428,1530118188962,2884,2832,taskkill /IM cavwp.exe /T /F,C:\Windows\system32\taskkill.exe,Child process,4,191,84,0,0,0,False,False,False,WIN-SYS,0,0,0,0,0,0,0,0,0,0,0,0,0,0,0,0,0,0,0,0,0,0,0,0,0,0,0,0,0
0c8d54b4-1f6b-431d-b14d-304182e66428,1530118189962,964,2832,taskkill /IM dragon_updater.exe /T /F,C:\Windows\system32\taskkill.exe,Child process,5,191,84,0,0,0,False,False,False,WIN-SYS,0,0,0,0,0,0,0,0,0,0,0,0,0,0,0,0,0,0,0,0,0,0,0,0,0,0,0,0,0
0c8d54b4-1f6b-431d-b14d-304182e66428,1530118190962,1204,2832,taskkill /IM MWAGENT.EXE /T /F,C:\Windows\system32\taskkill.exe,Child process,4,191,84,0,0,0,False,False,False,WIN-SYS,0,0,0,0,0,0,0,0,0,0,0,0,0,0,0,0,0,0,0,0,0,0,0,0,0,0,0,0,0
0c8d54b4-1f6b-431d-b14d-304182e66428,1530118191962,1784,2832,taskkill /IM MWASER.EXE /T /F,C:\Windows\system32\taskkill.exe,Child process,4,191,84,0,0,0,False,False,False,WIN-SYS,0,0,0,0,0,0,0,0,0,0,0,0,0,0,0,0,0,0,0,0,0,0,0,0,0,0,0,0,0
0c8d54b4-1f6b-431d-b14d-304182e66428,1530118192962,2568,2832,taskkill /IM CONSCTLX.EXE /T /F,C:\Windows\system32\taskkill.exe,Child process,4,191,84,0,0,0,False,False,False,WIN-SYS,0,0,0,0,0,0,0,0,0,0,0,0,0,0,0,0,0,0,0,0,0,0,0,0,0,0,0,0,0
0c8d54b4-1f6b-431d-b14d-304182e66428,1530118193962,2684,2832,taskkill /IM avpmapp.exe /T /F,C:\Windows\system32\taskkill.exe,Child process,4,191,91,0,0,0,False,False,False,WIN-SYS,0,0,0,0,0,0,0,0,0,0,0,0,0,0,0,0,0,0,0,0,0,0,0,0,0,0,0,0,0
0c8d54b4-1f6b-431d-b14d-304182e66428,1530118194978,3264,2832,taskkill /IM econceal.exe /T /F,C:\Windows\system32\taskkill.exe,Child process,4,191,84,0,0,0,False,False,False,WIN-SYS,0,0,0,0,0,0,0,0,0,0,0,0,0,0,0,0,0,0,0,0,0,0,0,0,0,0,0,0,0
0c8d54b4-1f6b-431d-b14d-304182e66428,1530118195978,4040,2832,taskkill /IM escanmon.exe /T /F,C:\Windows\system32\taskkill.exe,Child process,4,191,84,0,0,0,False,False,False,WIN-SYS,0,0,0,0,0,0,0,0,0,0,0,0,0,0,0,0,0,0,0,0,0,0,0,0,0,0,0,0,0
0c8d54b4-1f6b-431d-b14d-304182e66428,1530118196978,2908,2832,taskkill /IM escanpro.exe /T /F,C:\Windows\system32\taskkill.exe,Child process,4,191,84,0,0,0,False,False,False,WIN-SYS,0,0,0,0,0,0,0,0,0,0,0,0,0,0,0,0,0,0,0,0,0,0,0,0,0,0,0,0,0
0c8d54b4-1f6b-431d-b14d-304182e66428,1530118197978,2032,2832,taskkill /IM TRAYSSER.EXE /T /F,C:\Windows\system32\taskkill.exe,Child process,4,191,84,0,0,0,False,False,False,WIN-SYS,0,0,0,0,0,0,0,0,0,0,0,0,0,0,0,0,0,0,0,0,0,0,0,0,0,0,0,0,0
0c8d54b4-1f6b-431d-b14d-304182e66428,1530118198978,3892,2832,taskkill /IM TRAYICOS.EXE /T /F,C:\Windows\system32\taskkill.exe,Child process,4,192,84,0,0,0,False,False,False,WIN-SYS,0,0,0,0,0,0,0,0,0,0,0,0,0,0,0,0,0,0,0,0,0,0,0,0,0,0,0,0,0
0c8d54b4-1f6b-431d-b14d-304182e66428,1530118199978,980,2832,taskkill /IM econser.exe /T /F,C:\Windows\system32\taskkill.exe,Child process,4,191,84,0,0,0,False,False,False,WIN-SYS,0,0,0,0,0,0,0,0,0,0,0,0,0,0,0,0,0,0,0,0,0,0,0,0,0,0,0,0,0
0c8d54b4-1f6b-431d-b14d-304182e66428,1530118200978,2348,2832,taskkill /IM VIEWTCP.EXE /T /F,C:\Windows\system32\taskkill.exe,Child process,4,191,105,0,0,0,False,False,False,WIN-SYS,0,0,0,0,0,0,0,0,0,0,0,0,0,0,0,0,0,0,0,0,0,0,0,0,0,0,0,0,0
0c8d54b4-1f6b-431d-b14d-304182e66428,1530118201540,2844,2656,C:\Windows\system32\cmd.exe /c C:\Users\admin\AppData\Roaming\log\pass.exe all,C:\Windows\system32\cmd.exe,Child process,6,69,24,0,0,0,False,False,False,SCR-CMD,0,0,0,0,0,0,0,0,0,0,0,0,0,0,0,0,0,0,0,0,0,0,0,0,0,0,0,0,0
0c8d54b4-1f6b-431d-b14d-304182e66428,1530118201837,2236,2656,"""C:\Windows\system32\rundll32.exe"" ""C:\Windows\system32\WININET.dll"",DispatchAPICall 1 ",C:\Windows\system32\rundll32.exe,Child process,16,281,90,0,0,0,False,False,False,WIN-SYS,0,0,0,0,0,0,0,0,0,0,0,0,0,0,0,0,0,0,0,0,0,0,0,0,0,0,0,0,2
0c8d54b4-1f6b-431d-b14d-304182e66428,1530118201978,3268,2832,taskkill /IM FSHDLL64.exe /T /F,C:\Windows\system32\taskkill.exe,Child process,4,191,84,0,0,0,False,False,False,WIN-SYS,0,0,0,0,0,0,0,0,0,0,0,0,0,0,0,0,0,0,0,0,0,0,0,0,0,0,0,0,0
0c8d54b4-1f6b-431d-b14d-304182e66428,1530118202165,2468,2656,C:\Windows\system32\cmd.exe /k systeminfo,C:\Windows\system32\cmd.exe,Child process,6,121,28,0,0,0,False,False,False,SCR-CMD,0,0,0,0,0,0,0,0,0,0,0,0,0,0,0,0,0,0,0,0,0,0,0,0,0,0,0,0,0
0c8d54b4-1f6b-431d-b14d-304182e66428,1530118202290,1456,2468,systeminfo,C:\Windows\system32\systeminfo.exe,Child process,6,159,72,0,0,0,False,False,False,WIN-SYS,0,0,0,0,0,0,0,0,0,0,0,0,0,0,0,0,0,3,0,0,0,0,0,0,0,0,0,0,0
0c8d54b4-1f6b-431d-b14d-304182e66428,1530118202994,2536,2832,taskkill /IM fsgk32.exe /T /F,C:\Windows\system32\taskkill.exe,Child process,4,192,105,0,0,0,False,False,False,WIN-SYS,0,0,0,0,0,0,0,0,0,0,0,0,0,0,0,0,0,0,0,0,0,0,0,0,0,0,0,0,0
0c8d54b4-1f6b-431d-b14d-304182e66428,1530118204009,1452,2832,taskkill /IM fshoster32.exe /T /F,C:\Windows\system32\taskkill.exe,Child process,4,191,91,0,0,0,False,False,False,WIN-SYS,0,0,0,0,0,0,0,0,0,0,0,0,0,0,0,0,0,0,0,0,0,0,0,0,0,0,0,0,0
0c8d54b4-1f6b-431d-b14d-304182e66428,1530118205009,2384,2832,taskkill /IM FSMA32.EXE /T /F,C:\Windows\system32\taskkill.exe,Child process,4,191,84,0,0,0,False,False,False,WIN-SYS,0,0,0,0,0,0,0,0,0,0,0,0,0,0,0,0,0,0,0,0,0,0,0,0,0,0,0,0,0
0c8d54b4-1f6b-431d-b14d-304182e66428,1530118206009,2208,2832,taskkill /IM fsorsp.exe /T /F,C:\Windows\system32\taskkill.exe,Child process,4,191,84,0,0,0,False,False,False,WIN-SYS,0,0,0,0,0,0,0,0,0,0,0,0,0,0,0,0,0,0,0,0,0,0,0,0,0,0,0,0,0
0c8d54b4-1f6b-431d-b14d-304182e66428,1530118207009,1476,2832,taskkill /IM fssm32.exe /T /F,C:\Windows\system32\taskkill.exe,Child process,4,191,105,0,0,0,False,False,False,WIN-SYS,0,0,0,0,0,0,0,0,0,0,0,0,0,0,0,0,0,0,0,0,0,0,0,0,0,0,0,0,0
0c8d54b4-1f6b-431d-b14d-304182e66428,1530118207025,1516,2656,"RunDll32.exe InetCpl.cpl,ClearMyTracksByProcess 255",C:\Windows\system32\RunDll32.exe,Child process,143,2526,200,21,0,0,False,False,False,WIN-SYS,0,0,0,0,0,0,0,0,0,0,0,0,0,0,0,0,0,0,0,0,23,0,0,0,0,0,1,0,2
0c8d54b4-1f6b-431d-b14d-304182e66428,1530118208009,1656,2832,taskkill /IM FSM32.EXE /T /F,C:\Windows\system32\taskkill.exe,Child process,4,192,84,0,0,0,False,False,False,WIN-SYS,0,0,0,0,0,0,0,0,0,0,0,0,0,0,0,0,0,0,0,0,0,0,0,0,0,0,0,0,0
0c8d54b4-1f6b-431d-b14d-304182e66428,1530118209009,900,2832,taskkill /IM trigger.exe /T /F,C:\Windows\system32\taskkill.exe,Child process,4,192,84,0,0,0,False,False,False,WIN-SYS,0,0,0,0,0,0,0,0,0,0,0,0,0,0,0,0,0,0,0,0,0,0,0,0,0,0,0,0,0
0c8d54b4-1f6b-431d-b14d-304182e66428,1530118209306,2704,1516,"""C:\Program Files\Internet Explorer\iexplore.exe"" -ResetDestinationList",C:\Program Files\Internet Explorer\iexplore.exe,Child process,36,359,100,3,0,0,False,False,False,BRW-IE,0,0,0,0,0,0,0,0,0,0,0,0,0,0,0,0,0,0,0,0,0,0,0,0,0,0,0,0,1
0c8d54b4-1f6b-431d-b14d-304182e66428,1530118210009,648,2832,taskkill /IM FProtTray.exe /T /F,C:\Windows\system32\taskkill.exe,Child process,4,192,91,0,0,0,False,False,False,WIN-SYS,0,0,0,0,0,0,0,0,0,0,0,0,0,0,0,0,0,0,0,0,0,0,0,0,0,0,0,0,0
0c8d54b4-1f6b-431d-b14d-304182e66428,1530118210462,2484,2656,C:\Windows\system32\cmd.exe /c taskkill /F /IM chrome.exe,C:\Windows\system32\cmd.exe,Child process,6,100,26,0,0,0,False,False,False,SCR-CMD,0,0,0,0,0,0,0,0,0,0,0,0,0,0,0,0,0,0,0,0,0,0,0,0,0,0,0,0,2
0c8d54b4-1f6b-431d-b14d-304182e66428,1530118210650,4008,2484,taskkill  /F /IM chrome.exe,C:\Windows\system32\taskkill.exe,Child process,3,182,82,0,0,0,False,False,False,WIN-SYS,0,0,0,0,0,0,0,0,0,0,0,0,0,0,0,0,0,0,0,0,0,0,0,0,0,0,0,0,0
0c8d54b4-1f6b-431d-b14d-304182e66428,1530118211025,3632,2832,taskkill /IM FPWin.exe /T /F,C:\Windows\system32\taskkill.exe,Child process,4,191,84,0,0,0,False,False,False,WIN-SYS,0,0,0,0,0,0,0,0,0,0,0,0,0,0,0,0,0,0,0,0,0,0,0,0,0,0,0,0,0
0c8d54b4-1f6b-431d-b14d-304182e66428,1530118211150,3704,3936,"""C:\Users\admin\AppData\Roaming\InstallDir\Server.exe"" ",C:\Users\admin\AppData\Roaming\InstallDir\Server.exe,Child process,30,277,70,1,0,0,False,True,False,NKN,0,0,0,0,0,0,0,0,0,0,0,0,0,0,0,0,2,0,0,0,4,1,1,0,0,0,0,0,3
0c8d54b4-1f6b-431d-b14d-304182e66428,1530118211165,3320,2656,C:\Users\admin\AppData\Roaming\log\AutoUpdate.exe,C:\Users\admin\AppData\Roaming\log\AutoUpdate.exe,Child process,62,1297,154,14,0,30,True,False,False,NKN,0,0,0,0,1,2,0,0,0,1,2,0,0,0,1,0,12,12,0,0,3,0,0,0,0,0,1,0,3
0c8d54b4-1f6b-431d-b14d-304182e66428,1530118211603,2020,3320,C:\Windows\system32\cmd.exe /k HOSTNAME,C:\Windows\system32\cmd.exe,Child process,6,126,49,0,0,0,False,False,False,SCR-CMD,0,0,0,0,0,0,0,0,0,0,0,0,0,0,0,0,0,0,0,0,0,0,0,0,0,0,0,0,0
0c8d54b4-1f6b-431d-b14d-304182e66428,1530118211650,3560,3704,"""C:\Program Files\Internet Explorer\iexplore.exe""",C:\Program Files\Internet Explorer\iexplore.exe,Child process,56,386,86,0,0,28,True,True,False,BRW-IE,2,0,0,1,0,0,0,0,1,0,0,0,0,0,0,0,2,0,0,0,4,1,1,0,0,0,0,0,3
0c8d54b4-1f6b-431d-b14d-304182e66428,1530118211806,2060,2020,HOSTNAME,C:\Windows\system32\HOSTNAME.EXE,Child process,0,72,42,0,0,0,False,False,False,WIN-SYS,0,0,0,0,0,0,0,0,0,0,0,0,0,0,0,0,0,0,0,0,0,0,0,0,0,0,0,0,0
0c8d54b4-1f6b-431d-b14d-304182e66428,1530118212040,2756,2832,taskkill /IM FPAVServer.exe /T /F,C:\Windows\system32\taskkill.exe,Child process,4,191,84,0,0,0,False,False,False,WIN-SYS,0,0,0,0,0,0,0,0,0,0,0,0,0,0,0,0,0,0,0,0,0,0,0,0,0,0,0,0,0
0c8d54b4-1f6b-431d-b14d-304182e66428,1530118213056,3980,2832,taskkill /IM AVK.exe /T /F,C:\Windows\system32\taskkill.exe,Child process,4,191,91,0,0,0,False,False,False,WIN-SYS,0,0,0,0,0,0,0,0,0,0,0,0,0,0,0,0,0,0,0,0,0,0,0,0,0,0,0,0,0
0c8d54b4-1f6b-431d-b14d-304182e66428,1530118214056,1404,2832,taskkill /IM GdBgInx64.exe /T /F,C:\Windows\system32\taskkill.exe,Child process,4,191,84,0,0,0,False,False,False,WIN-SYS,0,0,0,0,0,0,0,0,0,0,0,0,0,0,0,0,0,0,0,0,0,0,0,0,0,0,0,0,0
0c8d54b4-1f6b-431d-b14d-304182e66428,1530118215056,1220,2832,taskkill /IM AVKProxy.exe /T /F,C:\Windows\system32\taskkill.exe,Child process,4,191,84,0,0,0,False,False,False,WIN-SYS,0,0,0,0,0,0,0,0,0,0,0,0,0,0,0,0,0,0,0,0,0,0,0,0,0,0,0,0,0
0c8d54b4-1f6b-431d-b14d-304182e66428,1530118216056,3684,2832,taskkill /IM GDScan.exe /T /F,C:\Windows\system32\taskkill.exe,Child process,4,191,84,0,0,0,False,False,False,WIN-SYS,0,0,0,0,0,0,0,0,0,0,0,0,0,0,0,0,0,0,0,0,0,0,0,0,0,0,0,0,0
0c8d54b4-1f6b-431d-b14d-304182e66428,1530118217056,2728,2832,taskkill /IM AVKWCtlx64.exe /T /F,C:\Windows\system32\taskkill.exe,Child process,4,191,84,0,0,0,False,False,False,WIN-SYS,0,0,0,0,0,0,0,0,0,0,0,0,0,0,0,0,0,0,0,0,0,0,0,0,0,0,0,0,0
0c8d54b4-1f6b-431d-b14d-304182e66428,1530118218056,2496,2832,taskkill /IM AVKService.exe /T /F,C:\Windows\system32\taskkill.exe,Child process,4,191,84,0,0,0,False,False,False,WIN-SYS,0,0,0,0,0,0,0,0,0,0,0,0,0,0,0,0,0,0,0,0,0,0,0,0,0,0,0,0,0
0c8d54b4-1f6b-431d-b14d-304182e66428,1530118219056,1968,2832,taskkill /IM AVKTray.exe /T /F,C:\Windows\system32\taskkill.exe,Child process,4,191,91,0,0,0,False,False,False,WIN-SYS,0,0,0,0,0,0,0,0,0,0,0,0,0,0,0,0,0,0,0,0,0,0,0,0,0,0,0,0,0
0c8d54b4-1f6b-431d-b14d-304182e66428,1530118220087,3732,2832,taskkill /IM GDKBFltExe32.exe /T /F,C:\Windows\system32\taskkill.exe,Child process,5,191,84,0,0,0,False,False,False,WIN-SYS,0,0,0,0,0,0,0,0,0,0,0,0,0,0,0,0,0,0,0,0,0,0,0,0,0,0,0,0,0
0c8d54b4-1f6b-431d-b14d-304182e66428,1530118221087,3416,2832,taskkill /IM GDSC.exe /T /F,C:\Windows\system32\taskkill.exe,Child process,4,191,84,0,0,0,False,False,False,WIN-SYS,0,0,0,0,0,0,0,0,0,0,0,0,0,0,0,0,0,0,0,0,0,0,0,0,0,0,0,0,0
0c8d54b4-1f6b-431d-b14d-304182e66428,1530118222087,3164,2832,taskkill /IM virusutilities.exe /T /F,C:\Windows\system32\taskkill.exe,Child process,5,191,84,0,0,0,False,False,False,WIN-SYS,0,0,0,0,0,0,0,0,0,0,0,0,0,0,0,0,0,0,0,0,0,0,0,0,0,0,0,0,0
0c8d54b4-1f6b-431d-b14d-304182e66428,1530118223103,3528,2832,taskkill /IM guardxservice.exe /T /F,C:\Windows\system32\taskkill.exe,Child process,5,191,84,0,0,0,False,False,False,WIN-SYS,0,0,0,0,0,0,0,0,0,0,0,0,0,0,0,0,0,0,0,0,0,0,0,0,0,0,0,0,0
0c8d54b4-1f6b-431d-b14d-304182e66428,1530118224103,3332,2832,taskkill /IM guardxkickoff_x64.exe /T /F,C:\Windows\system32\taskkill.exe,Child process,4,191,84,0,0,0,False,False,False,WIN-SYS,0,0,0,0,0,0,0,0,0,0,0,0,0,0,0,0,0,0,0,0,0,0,0,0,0,0,0,0,0
0c8d54b4-1f6b-431d-b14d-304182e66428,1530118225103,2952,2832,taskkill /IM iptray.exe /T /F,C:\Windows\system32\taskkill.exe,Child process,4,191,84,0,0,0,False,False,False,WIN-SYS,0,0,0,0,0,0,0,0,0,0,0,0,0,0,0,0,0,0,0,0,0,0,0,0,0,0,0,0,0
0c8d54b4-1f6b-431d-b14d-304182e66428,1530118226103,3244,2832,taskkill /IM freshclam.exe /T /F,C:\Windows\system32\taskkill.exe,Child process,4,191,91,0,0,0,False,False,False,WIN-SYS,0,0,0,0,0,0,0,0,0,0,0,0,0,0,0,0,0,0,0,0,0,0,0,0,0,0,0,0,0
0c8d54b4-1f6b-431d-b14d-304182e66428,1530118227103,3800,2832,taskkill /IM freshclamwrap.exe /T /F,C:\Windows\system32\taskkill.exe,Child process,5,191,91,0,0,0,False,False,False,WIN-SYS,0,0,0,0,0,0,0,0,0,0,0,0,0,0,0,0,0,0,0,0,0,0,0,0,0,0,0,0,0
0c8d54b4-1f6b-431d-b14d-304182e66428,1530118228103,3928,2832,taskkill /IM K7RTScan.exe /T /F,C:\Windows\system32\taskkill.exe,Child process,4,191,84,0,0,0,False,False,False,WIN-SYS,0,0,0,0,0,0,0,0,0,0,0,0,0,0,0,0,0,0,0,0,0,0,0,0,0,0,0,0,0
0c8d54b4-1f6b-431d-b14d-304182e66428,1530118229103,1024,2832,taskkill /IM K7FWSrvc.exe /T /F,C:\Windows\system32\taskkill.exe,Child process,4,191,84,0,0,0,False,False,False,WIN-SYS,0,0,0,0,0,0,0,0,0,0,0,0,0,0,0,0,0,0,0,0,0,0,0,0,0,0,0,0,0
0c8d54b4-1f6b-431d-b14d-304182e66428,1530118230103,2156,2832,taskkill /IM K7PSSrvc.exe /T /F,C:\Windows\system32\taskkill.exe,Child process,4,191,91,0,0,0,False,False,False,WIN-SYS,0,0,0,0,0,0,0,0,0,0,0,0,0,0,0,0,0,0,0,0,0,0,0,0,0,0,0,0,0
0c8d54b4-1f6b-431d-b14d-304182e66428,1530118231103,3784,2832,taskkill /IM K7EmlPxy.EXE /T /F,C:\Windows\system32\taskkill.exe,Child process,4,191,84,0,0,0,False,False,False,WIN-SYS,0,0,0,0,0,0,0,0,0,0,0,0,0,0,0,0,0,0,0,0,0,0,0,0,0,0,0,0,0
0c8d54b4-1f6b-431d-b14d-304182e66428,1530118232103,1496,2832,taskkill /IM K7TSecurity.exe /T /F,C:\Windows\system32\taskkill.exe,Child process,4,191,91,0,0,0,False,False,False,WIN-SYS,0,0,0,0,0,0,0,0,0,0,0,0,0,0,0,0,0,0,0,0,0,0,0,0,0,0,0,0,0
0c8d54b4-1f6b-431d-b14d-304182e66428,1530118233103,3372,2832,taskkill /IM K7AVScan.exe /T /F,C:\Windows\system32\taskkill.exe,Child process,4,191,84,0,0,0,False,False,False,WIN-SYS,0,0,0,0,0,0,0,0,0,0,0,0,0,0,0,0,0,0,0,0,0,0,0,0,0,0,0,0,0
0c8d54b4-1f6b-431d-b14d-304182e66428,1530118234119,2188,2832,taskkill /IM K7CrvSvc.exe /T /F,C:\Windows\system32\taskkill.exe,Child process,4,191,84,0,0,0,False,False,False,WIN-SYS,0,0,0,0,0,0,0,0,0,0,0,0,0,0,0,0,0,0,0,0,0,0,0,0,0,0,0,0,0
0c8d54b4-1f6b-431d-b14d-304182e66428,1530118235119,2400,2832,taskkill /IM K7SysMon.Exe /T /F,C:\Windows\system32\taskkill.exe,Child process,4,191,84,0,0,0,False,False,False,WIN-SYS,0,0,0,0,0,0,0,0,0,0,0,0,0,0,0,0,0,0,0,0,0,0,0,0,0,0,0,0,0
0c8d54b4-1f6b-431d-b14d-304182e66428,1530118236134,416,2832,taskkill /IM K7TSMain.exe /T /F,C:\Windows\system32\taskkill.exe,Child process,4,191,84,0,0,0,False,False,False,WIN-SYS,0,0,0,0,0,0,0,0,0,0,0,0,0,0,0,0,0,0,0,0,0,0,0,0,0,0,0,0,0
0c8d54b4-1f6b-431d-b14d-304182e66428,1530118237134,1804,2832,taskkill /IM K7TSMngr.exe /T /F,C:\Windows\system32\taskkill.exe,Child process,5,191,105,0,0,0,False,False,False,WIN-SYS,0,0,0,0,0,0,0,0,0,0,0,0,0,0,0,0,0,0,0,0,0,0,0,0,0,0,0,0,0
0c8d54b4-1f6b-431d-b14d-304182e66428,1530118238134,384,2832,taskkill /IM nanosvc.exe /T /F,C:\Windows\system32\taskkill.exe,Child process,4,191,91,0,0,0,False,False,False,WIN-SYS,0,0,0,0,0,0,0,0,0,0,0,0,0,0,0,0,0,0,0,0,0,0,0,0,0,0,0,0,0
0c8d54b4-1f6b-431d-b14d-304182e66428,1530118239134,3128,2832,taskkill /IM nanoav.exe /T /F,C:\Windows\system32\taskkill.exe,Child process,4,191,84,0,0,0,False,False,False,WIN-SYS,0,0,0,0,0,0,0,0,0,0,0,0,0,0,0,0,0,0,0,0,0,0,0,0,0,0,0,0,0
0c8d54b4-1f6b-431d-b14d-304182e66428,1530118240134,3296,2832,taskkill /IM nnf.exe /T /F,C:\Windows\system32\taskkill.exe,Child process,4,191,91,0,0,0,False,False,False,WIN-SYS,0,0,0,0,0,0,0,0,0,0,0,0,0,0,0,0,0,0,0,0,0,0,0,0,0,0,0,0,0
0c8d54b4-1f6b-431d-b14d-304182e66428,1530118241134,2916,2832,taskkill /IM nvcsvc.exe /T /F,C:\Windows\system32\taskkill.exe,Child process,4,191,84,0,0,0,False,False,False,WIN-SYS,0,0,0,0,0,0,0,0,0,0,0,0,0,0,0,0,0,0,0,0,0,0,0,0,0,0,0,0,0
0c8d54b4-1f6b-431d-b14d-304182e66428,1530118242134,3876,2832,taskkill /IM nbrowser.exe /T /F,C:\Windows\system32\taskkill.exe,Child process,4,191,84,0,0,0,False,False,False,WIN-SYS,0,0,0,0,0,0,0,0,0,0,0,0,0,0,0,0,0,0,0,0,0,0,0,0,0,0,0,0,0
0c8d54b4-1f6b-431d-b14d-304182e66428,1530118243134,3148,2832,taskkill /IM nseupdatesvc.exe /T /F,C:\Windows\system32\taskkill.exe,Child process,5,191,84,0,0,0,False,False,False,WIN-SYS,0,0,0,0,0,0,0,0,0,0,0,0,0,0,0,0,0,0,0,0,0,0,0,0,0,0,0,0,0
0c8d54b4-1f6b-431d-b14d-304182e66428,1530118244134,2460,2832,taskkill /IM nfservice.exe /T /F,C:\Windows\system32\taskkill.exe,Child process,4,191,84,0,0,0,False,False,False,WIN-SYS,0,0,0,0,0,0,0,0,0,0,0,0,0,0,0,0,0,0,0,0,0,0,0,0,0,0,0,0,0
0c8d54b4-1f6b-431d-b14d-304182e66428,1530118245134,3132,2832,taskkill /IM nwscmon.exe /T /F,C:\Windows\system32\taskkill.exe,Child process,4,191,91,0,0,0,False,False,False,WIN-SYS,0,0,0,0,0,0,0,0,0,0,0,0,0,0,0,0,0,0,0,0,0,0,0,0,0,0,0,0,0
0c8d54b4-1f6b-431d-b14d-304182e66428,1530118246150,3324,2832,taskkill /IM njeeves2.exe /T /F,C:\Windows\system32\taskkill.exe,Child process,4,191,84,0,0,0,False,False,False,WIN-SYS,0,0,0,0,0,0,0,0,0,0,0,0,0,0,0,0,0,0,0,0,0,0,0,0,0,0,0,0,0
0c8d54b4-1f6b-431d-b14d-304182e66428,1530118247150,1668,2832,taskkill /IM nvcod.exe /T /F,C:\Windows\system32\taskkill.exe,Child process,4,191,84,0,0,0,False,False,False,WIN-SYS,0,0,0,0,0,0,0,0,0,0,0,0,0,0,0,0,0,0,0,0,0,0,0,0,0,0,0,0,0
0c8d54b4-1f6b-431d-b14d-304182e66428,1530118248150,1136,2832,taskkill /IM nvoy.exe /T /F,C:\Windows\system32\taskkill.exe,Child process,4,191,84,0,0,0,False,False,False,WIN-SYS,0,0,0,0,0,0,0,0,0,0,0,0,0,0,0,0,0,0,0,0,0,0,0,0,0,0,0,0,0
0c8d54b4-1f6b-431d-b14d-304182e66428,1530118249150,976,2832,taskkill /IM zlhh.exe /T /F,C:\Windows\system32\taskkill.exe,Child process,4,191,84,0,0,0,False,False,False,WIN-SYS,0,0,0,0,0,0,0,0,0,0,0,0,0,0,0,0,0,0,0,0,0,0,0,0,0,0,0,0,0
0c8d54b4-1f6b-431d-b14d-304182e66428,1530118250150,184,2832,taskkill /IM Zlh.exe /T /F,C:\Windows\system32\taskkill.exe,Child process,4,191,84,0,0,0,False,False,False,WIN-SYS,0,0,0,0,0,0,0,0,0,0,0,0,0,0,0,0,0,0,0,0,0,0,0,0,0,0,0,0,0
0c8d54b4-1f6b-431d-b14d-304182e66428,1530118251150,4068,2832,taskkill /IM nprosec.exe /T /F,C:\Windows\system32\taskkill.exe,Child process,4,191,91,0,0,0,False,False,False,WIN-SYS,0,0,0,0,0,0,0,0,0,0,0,0,0,0,0,0,0,0,0,0,0,0,0,0,0,0,0,0,0
0c8d54b4-1f6b-431d-b14d-304182e66428,1530118252165,3160,2832,taskkill /IM Zanda.exe /T /F,C:\Windows\system32\taskkill.exe,Child process,4,191,91,0,0,0,False,False,False,WIN-SYS,0,0,0,0,0,0,0,0,0,0,0,0,0,0,0,0,0,0,0,0,0,0,0,0,0,0,0,0,0
0c8d54b4-1f6b-431d-b14d-304182e66428,1530118253165,3544,2832,taskkill /IM NS.exe /T /F,C:\Windows\system32\taskkill.exe,Child process,4,191,84,0,0,0,False,False,False,WIN-SYS,0,0,0,0,0,0,0,0,0,0,0,0,0,0,0,0,0,0,0,0,0,0,0,0,0,0,0,0,0
0c8d54b4-1f6b-431d-b14d-304182e66428,1530118254165,4072,2832,taskkill /IM acs.exe /T /F,C:\Windows\system32\taskkill.exe,Child process,4,191,84,0,0,0,False,False,False,WIN-SYS,0,0,0,0,0,0,0,0,0,0,0,0,0,0,0,0,0,0,0,0,0,0,0,0,0,0,0,0,0
0c8d54b4-1f6b-431d-b14d-304182e66428,1530118255165,1832,2832,taskkill /IM op_mon.exe /T /F,C:\Windows\system32\taskkill.exe,Child process,4,191,84,0,0,0,False,False,False,WIN-SYS,0,0,0,0,0,0,0,0,0,0,0,0,0,0,0,0,0,0,0,0,0,0,0,0,0,0,0,0,0
0c8d54b4-1f6b-431d-b14d-304182e66428,1530118256165,3532,2832,taskkill /IM PSANHost.exe /T /F,C:\Windows\system32\taskkill.exe,Child process,4,191,91,0,0,0,False,False,False,WIN-SYS,0,0,0,0,0,0,0,0,0,0,0,0,0,0,0,0,0,0,0,0,0,0,0,0,0,0,0,0,0
0c8d54b4-1f6b-431d-b14d-304182e66428,1530118257165,2136,2832,taskkill /IM PSUAMain.exe /T /F,C:\Windows\system32\taskkill.exe,Child process,4,191,84,0,0,0,False,False,False,WIN-SYS,0,0,0,0,0,0,0,0,0,0,0,0,0,0,0,0,0,0,0,0,0,0,0,0,0,0,0,0,0
0c8d54b4-1f6b-431d-b14d-304182e66428,1530118258165,4044,2832,taskkill /IM PSUAService.exe /T /F,C:\Windows\system32\taskkill.exe,Child process,5,191,91,0,0,0,False,False,False,WIN-SYS,0,0,0,0,0,0,0,0,0,0,0,0,0,0,0,0,0,0,0,0,0,0,0,0,0,0,0,0,0
0c8d54b4-1f6b-431d-b14d-304182e66428,1530118259165,3340,2832,taskkill /IM AgentSvc.exe /T /F,C:\Windows\system32\taskkill.exe,Child process,4,191,91,0,0,0,False,False,False,WIN-SYS,0,0,0,0,0,0,0,0,0,0,0,0,0,0,0,0,0,0,0,0,0,0,0,0,0,0,0,0,0
0c8d54b4-1f6b-431d-b14d-304182e66428,1530118260165,3400,2832,taskkill /IM BDSSVC.EXE /T /F,C:\Windows\system32\taskkill.exe,Child process,4,191,91,0,0,0,False,False,False,WIN-SYS,0,0,0,0,0,0,0,0,0,0,0,0,0,0,0,0,0,0,0,0,0,0,0,0,0,0,0,0,0
0c8d54b4-1f6b-431d-b14d-304182e66428,1530118261165,3804,2832,taskkill /IM EMLPROXY.EXE /T /F,C:\Windows\system32\taskkill.exe,Child process,4,191,91,0,0,0,False,False,False,WIN-SYS,0,0,0,0,0,0,0,0,0,0,0,0,0,0,0,0,0,0,0,0,0,0,0,0,0,0,0,0,0
0c8d54b4-1f6b-431d-b14d-304182e66428,1530118262165,2936,2832,taskkill /IM OPSSVC.EXE /T /F,C:\Windows\system32\taskkill.exe,Child process,4,191,84,0,0,0,False,False,False,WIN-SYS,0,0,0,0,0,0,0,0,0,0,0,0,0,0,0,0,0,0,0,0,0,0,0,0,0,0,0,0,0
0c8d54b4-1f6b-431d-b14d-304182e66428,1530118263165,2364,2832,taskkill /IM ONLINENT.EXE /T /F,C:\Windows\system32\taskkill.exe,Child process,4,191,84,0,0,0,False,False,False,WIN-SYS,0,0,0,0,0,0,0,0,0,0,0,0,0,0,0,0,0,0,0,0,0,0,0,0,0,0,0,0,0
0c8d54b4-1f6b-431d-b14d-304182e66428,1530118264165,2528,2832,taskkill /IM QUHLPSVC.EXE /T /F,C:\Windows\system32\taskkill.exe,Child process,4,191,84,0,0,0,False,False,False,WIN-SYS,0,0,0,0,0,0,0,0,0,0,0,0,0,0,0,0,0,0,0,0,0,0,0,0,0,0,0,0,0
0c8d54b4-1f6b-431d-b14d-304182e66428,1530118265165,2968,2832,taskkill /IM SAPISSVC.EXE /T /F,C:\Windows\system32\taskkill.exe,Child process,4,191,84,0,0,0,False,False,False,WIN-SYS,0,0,0,0,0,0,0,0,0,0,0,0,0,0,0,0,0,0,0,0,0,0,0,0,0,0,0,0,0
0c8d54b4-1f6b-431d-b14d-304182e66428,1530118266165,3292,2832,taskkill /IM SCANNER.EXE /T /F,C:\Windows\system32\taskkill.exe,Child process,4,191,84,0,0,0,False,False,False,WIN-SYS,0,0,0,0,0,0,0,0,0,0,0,0,0,0,0,0,0,0,0,0,0,0,0,0,0,0,0,0,0
0c8d54b4-1f6b-431d-b14d-304182e66428,1530118267165,2692,2832,taskkill /IM SCANWSCS.EXE /T /F,C:\Windows\system32\taskkill.exe,Child process,4,191,84,0,0,0,False,False,False,WIN-SYS,0,0,0,0,0,0,0,0,0,0,0,0,0,0,0,0,0,0,0,0,0,0,0,0,0,0,0,0,0
0c8d54b4-1f6b-431d-b14d-304182e66428,1530118268165,2616,2832,taskkill /IM scproxysrv.exe /T /F,C:\Windows\system32\taskkill.exe,Child process,4,191,91,0,0,0,False,False,False,WIN-SYS,0,0,0,0,0,0,0,0,0,0,0,0,0,0,0,0,0,0,0,0,0,0,0,0,0,0,0,0,0
0c8d54b4-1f6b-431d-b14d-304182e66428,1530118269165,4020,2832,taskkill /IM ScSecSvc.exe /T /F,C:\Windows\system32\taskkill.exe,Child process,4,191,91,0,0,0,False,False,False,WIN-SYS,0,0,0,0,0,0,0,0,0,0,0,0,0,0,0,0,0,0,0,0,0,0,0,0,0,0,0,0,0
0c8d54b4-1f6b-431d-b14d-304182e66428,1530118270165,568,2832,taskkill /IM SUPERAntiSpyware.exe /T /F,C:\Windows\system32\taskkill.exe,Child process,4,191,84,0,0,0,False,False,False,WIN-SYS,0,0,0,0,0,0,0,0,0,0,0,0,0,0,0,0,0,0,0,0,0,0,0,0,0,0,0,0,0
0c8d54b4-1f6b-431d-b14d-304182e66428,1530118271165,3756,2832,taskkill /IM SASCore64.exe /T /F,C:\Windows\system32\taskkill.exe,Child process,4,191,84,0,0,0,False,False,False,WIN-SYS,0,0,0,0,0,0,0,0,0,0,0,0,0,0,0,0,0,0,0,0,0,0,0,0,0,0,0,0,0
0c8d54b4-1f6b-431d-b14d-304182e66428,1530118272165,1436,2832,taskkill /IM SSUpdate64.exe /T /F,C:\Windows\system32\taskkill.exe,Child process,4,191,91,0,0,0,False,False,False,WIN-SYS,0,0,0,0,0,0,0,0,0,0,0,0,0,0,0,0,0,0,0,0,0,0,0,0,0,0,0,0,0
0c8d54b4-1f6b-431d-b14d-304182e66428,1530118273165,2068,2832,taskkill /IM SUPERDelete.exe /T /F,C:\Windows\system32\taskkill.exe,Child process,4,191,91,0,0,0,False,False,False,WIN-SYS,0,0,0,0,0,0,0,0,0,0,0,0,0,0,0,0,0,0,0,0,0,0,0,0,0,0,0,0,0
0c8d54b4-1f6b-431d-b14d-304182e66428,1530118274165,128,2832,taskkill /IM SASTask.exe /T /F,C:\Windows\system32\taskkill.exe,Child process,4,191,91,0,0,0,False,False,False,WIN-SYS,0,0,0,0,0,0,0,0,0,0,0,0,0,0,0,0,0,0,0,0,0,0,0,0,0,0,0,0,0
0c8d54b4-1f6b-431d-b14d-304182e66428,1530118275165,3260,2832,taskkill /IM K7RTScan.exe /T /F,C:\Windows\system32\taskkill.exe,Child process,4,191,84,0,0,0,False,False,False,WIN-SYS,0,0,0,0,0,0,0,0,0,0,0,0,0,0,0,0,0,0,0,0,0,0,0,0,0,0,0,0,0
0c8d54b4-1f6b-431d-b14d-304182e66428,1530118276165,1488,2832,taskkill /IM K7FWSrvc.exe /T /F,C:\Windows\system32\taskkill.exe,Child process,4,191,84,0,0,0,False,False,False,WIN-SYS,0,0,0,0,0,0,0,0,0,0,0,0,0,0,0,0,0,0,0,0,0,0,0,0,0,0,0,0,0
0c8d54b4-1f6b-431d-b14d-304182e66428,1530118277165,3084,2832,taskkill /IM K7PSSrvc.exe /T /F,C:\Windows\system32\taskkill.exe,Child process,4,191,91,0,0,0,False,False,False,WIN-SYS,0,0,0,0,0,0,0,0,0,0,0,0,0,0,0,0,0,0,0,0,0,0,0,0,0,0,0,0,0
0c8d54b4-1f6b-431d-b14d-304182e66428,1530118278165,2232,2832,taskkill /IM K7EmlPxy.EXE /T /F,C:\Windows\system32\taskkill.exe,Child process,4,191,84,0,0,0,False,False,False,WIN-SYS,0,0,0,0,0,0,0,0,0,0,0,0,0,0,0,0,0,0,0,0,0,0,0,0,0,0,0,0,0
0c8d54b4-1f6b-431d-b14d-304182e66428,1530118279165,2440,2832,taskkill /IM K7TSecurity.exe /T /F,C:\Windows\system32\taskkill.exe,Child process,5,191,84,0,0,0,False,False,False,WIN-SYS,0,0,0,0,0,0,0,0,0,0,0,0,0,0,0,0,0,0,0,0,0,0,0,0,0,0,0,0,0
0c8d54b4-1f6b-431d-b14d-304182e66428,1530118280165,3100,2832,taskkill /IM K7AVScan.exe /T /F,C:\Windows\system32\taskkill.exe,Child process,4,191,84,0,0,0,False,False,False,WIN-SYS,0,0,0,0,0,0,0,0,0,0,0,0,0,0,0,0,0,0,0,0,0,0,0,0,0,0,0,0,0
0c8d54b4-1f6b-431d-b14d-304182e66428,1530118281165,3052,2832,taskkill /IM K7CrvSvc.exe /T /F,C:\Windows\system32\taskkill.exe,Child process,4,191,84,0,0,0,False,False,False,WIN-SYS,0,0,0,0,0,0,0,0,0,0,0,0,0,0,0,0,0,0,0,0,0,0,0,0,0,0,0,0,0
0c8d54b4-1f6b-431d-b14d-304182e66428,1530118282165,3116,2832,taskkill /IM K7SysMon.Exe /T /F,C:\Windows\system32\taskkill.exe,Child process,4,191,84,0,0,0,False,False,False,WIN-SYS,0,0,0,0,0,0,0,0,0,0,0,0,0,0,0,0,0,0,0,0,0,0,0,0,0,0,0,0,0
0c8d54b4-1f6b-431d-b14d-304182e66428,1530118283165,2688,2832,taskkill /IM K7TSMain.exe /T /F,C:\Windows\system32\taskkill.exe,Child process,4,191,84,0,0,0,False,False,False,WIN-SYS,0,0,0,0,0,0,0,0,0,0,0,0,0,0,0,0,0,0,0,0,0,0,0,0,0,0,0,0,0
0c8d54b4-1f6b-431d-b14d-304182e66428,1530118284165,1448,2832,taskkill /IM K7TSMngr.exe /T /F,C:\Windows\system32\taskkill.exe,Child process,4,191,84,0,0,0,False,False,False,WIN-SYS,0,0,0,0,0,0,0,0,0,0,0,0,0,0,0,0,0,0,0,0,0,0,0,0,0,0,0,0,0
0c8d54b4-1f6b-431d-b14d-304182e66428,1530118285165,3048,2832,taskkill /IM uiWinMgr.exe /T /F,C:\Windows\system32\taskkill.exe,Child process,4,191,84,0,0,0,False,False,False,WIN-SYS,0,0,0,0,0,0,0,0,0,0,0,0,0,0,0,0,0,0,0,0,0,0,0,0,0,0,0,0,0
0c8d54b4-1f6b-431d-b14d-304182e66428,1530118286165,3488,2832,taskkill /IM uiWatchDog.exe /T /F,C:\Windows\system32\taskkill.exe,Child process,4,191,84,0,0,0,False,False,False,WIN-SYS,0,0,0,0,0,0,0,0,0,0,0,0,0,0,0,0,0,0,0,0,0,0,0,0,0,0,0,0,0
0c8d54b4-1f6b-431d-b14d-304182e66428,1530118287165,2088,2832,taskkill /IM uiSeAgnt.exe /T /F,C:\Windows\system32\taskkill.exe,Child process,4,191,91,0,0,0,False,False,False,WIN-SYS,0,0,0,0,0,0,0,0,0,0,0,0,0,0,0,0,0,0,0,0,0,0,0,0,0,0,0,0,0
0c8d54b4-1f6b-431d-b14d-304182e66428,1530118288165,2736,2832,taskkill /IM PtWatchDog.exe /T /F,C:\Windows\system32\taskkill.exe,Child process,4,191,84,0,0,0,False,False,False,WIN-SYS,0,0,0,0,0,0,0,0,0,0,0,0,0,0,0,0,0,0,0,0,0,0,0,0,0,0,0,0,0
0c8d54b4-1f6b-431d-b14d-304182e66428,1530118289181,292,2832,taskkill /IM PtSvcHost.exe /T /F,C:\Windows\system32\taskkill.exe,Child process,4,191,84,0,0,0,False,False,False,WIN-SYS,0,0,0,0,0,0,0,0,0,0,0,0,0,0,0,0,0,0,0,0,0,0,0,0,0,0,0,0,0
0c8d54b4-1f6b-431d-b14d-304182e66428,1530118290181,2852,2832,taskkill /IM PtSessionAgent.exe /T /F,C:\Windows\system32\taskkill.exe,Child process,5,191,84,0,0,0,False,False,False,WIN-SYS,0,0,0,0,0,0,0,0,0,0,0,0,0,0,0,0,0,0,0,0,0,0,0,0,0,0,0,0,0
0c8d54b4-1f6b-431d-b14d-304182e66428,1530118291181,3220,2832,taskkill /IM coreFrameworkHost.exe /T /F,C:\Windows\system32\taskkill.exe,Child process,4,191,84,0,0,0,False,False,False,WIN-SYS,0,0,0,0,0,0,0,0,0,0,0,0,0,0,0,0,0,0,0,0,0,0,0,0,0,0,0,0,0
0c8d54b4-1f6b-431d-b14d-304182e66428,1530118292181,2016,2832,taskkill /IM coreServiceShell.exe /T /F,C:\Windows\system32\taskkill.exe,Child process,4,191,105,0,0,0,False,False,False,WIN-SYS,0,0,0,0,0,0,0,0,0,0,0,0,0,0,0,0,0,0,0,0,0,0,0,0,0,0,0,0,0
0c8d54b4-1f6b-431d-b14d-304182e66428,1530118293197,2256,2832,taskkill /IM uiUpdateTray.exe /T /F,C:\Windows\system32\taskkill.exe,Child process,5,191,84,0,0,0,False,False,False,WIN-SYS,0,0,0,0,0,0,0,0,0,0,0,0,0,0,0,0,0,0,0,0,0,0,0,0,0,0,0,0,0
0c8d54b4-1f6b-431d-b14d-304182e66428,1530118294197,3200,2832,taskkill /IM VIPREUI.exe /T /F,C:\Windows\system32\taskkill.exe,Child process,4,191,106,0,0,0,False,False,False,WIN-SYS,0,0,0,0,0,0,0,0,0,0,0,0,0,0,0,0,0,0,0,0,0,0,0,0,0,0,0,0,0
0c8d54b4-1f6b-431d-b14d-304182e66428,1530118295197,3608,2832,taskkill /IM SBAMSvc.exe /T /F,C:\Windows\system32\taskkill.exe,Child process,4,191,91,0,0,0,False,False,False,WIN-SYS,0,0,0,0,0,0,0,0,0,0,0,0,0,0,0,0,0,0,0,0,0,0,0,0,0,0,0,0,0
0c8d54b4-1f6b-431d-b14d-304182e66428,1530118296197,2464,2832,taskkill /IM SBAMTray.exe /T /F,C:\Windows\system32\taskkill.exe,Child process,4,191,84,0,0,0,False,False,False,WIN-SYS,0,0,0,0,0,0,0,0,0,0,0,0,0,0,0,0,0,0,0,0,0,0,0,0,0,0,0,0,0
0c8d54b4-1f6b-431d-b14d-304182e66428,1530118297197,3860,2832,taskkill /IM SBPIMSvc.exe /T /F,C:\Windows\system32\taskkill.exe,Child process,4,191,91,0,0,0,False,False,False,WIN-SYS,0,0,0,0,0,0,0,0,0,0,0,0,0,0,0,0,0,0,0,0,0,0,0,0,0,0,0,0,0
0c8d54b4-1f6b-431d-b14d-304182e66428,1530118298197,2112,2832,taskkill /IM bavhm.exe /T /F,C:\Windows\system32\taskkill.exe,Child process,4,191,91,0,0,0,False,False,False,WIN-SYS,0,0,0,0,0,0,0,0,0,0,0,0,0,0,0,0,0,0,0,0,0,0,0,0,0,0,0,0,0
0c8d54b4-1f6b-431d-b14d-304182e66428,1530118299197,3624,2832,taskkill /IM BavSvc.exe /T /F,C:\Windows\system32\taskkill.exe,Child process,4,191,84,0,0,0,False,False,False,WIN-SYS,0,0,0,0,0,0,0,0,0,0,0,0,0,0,0,0,0,0,0,0,0,0,0,0,0,0,0,0,0
0c8d54b4-1f6b-431d-b14d-304182e66428,1530118300197,3140,2832,taskkill /IM BavTray.exe /T /F,C:\Windows\system32\taskkill.exe,Child process,4,191,91,0,0,0,False,False,False,WIN-SYS,0,0,0,0,0,0,0,0,0,0,0,0,0,0,0,0,0,0,0,0,0,0,0,0,0,0,0,0,0
0c8d54b4-1f6b-431d-b14d-304182e66428,1530118301197,2800,2832,taskkill /IM Bav.exe /T /F,C:\Windows\system32\taskkill.exe,Child process,4,191,91,0,0,0,False,False,False,WIN-SYS,0,0,0,0,0,0,0,0,0,0,0,0,0,0,0,0,0,0,0,0,0,0,0,0,0,0,0,0,0
0c8d54b4-1f6b-431d-b14d-304182e66428,1530118302212,2472,2832,taskkill /IM BavWebClient.exe /T /F,C:\Windows\system32\taskkill.exe,Child process,5,191,91,0,0,0,False,False,False,WIN-SYS,0,0,0,0,0,0,0,0,0,0,0,0,0,0,0,0,0,0,0,0,0,0,0,0,0,0,0,0,0
0c8d54b4-1f6b-431d-b14d-304182e66428,1530118303212,3884,2832,taskkill /IM BavUpdater.exe /T /F,C:\Windows\system32\taskkill.exe,Child process,4,191,84,0,0,0,False,False,False,WIN-SYS,0,0,0,0,0,0,0,0,0,0,0,0,0,0,0,0,0,0,0,0,0,0,0,0,0,0,0,0,0
0c8d54b4-1f6b-431d-b14d-304182e66428,1530118304212,2608,2832,taskkill /IM MCShieldCCC.exe /T /F,C:\Windows\system32\taskkill.exe,Child process,4,191,91,0,0,0,False,False,False,WIN-SYS,0,0,0,0,0,0,0,0,0,0,0,0,0,0,0,0,0,0,0,0,0,0,0,0,0,0,0,0,0
0c8d54b4-1f6b-431d-b14d-304182e66428,1530118305228,1520,2832,taskkill /IM MCShieldRTM.exe /T /F,C:\Windows\system32\taskkill.exe,Child process,4,191,84,0,0,0,False,False,False,WIN-SYS,0,0,0,0,0,0,0,0,0,0,0,0,0,0,0,0,0,0,0,0,0,0,0,0,0,0,0,0,0
0c8d54b4-1f6b-431d-b14d-304182e66428,1530118306244,2748,2832,taskkill /IM MCShieldDS.exe /T /F,C:\Windows\system32\taskkill.exe,Child process,4,191,84,0,0,0,False,False,False,WIN-SYS,0,0,0,0,0,0,0,0,0,0,0,0,0,0,0,0,0,0,0,0,0,0,0,0,0,0,0,0,0
0c8d54b4-1f6b-431d-b14d-304182e66428,1530118307244,3240,2832,taskkill /IM MCS-Uninstall.exe /T /F,C:\Windows\system32\taskkill.exe,Child process,5,191,84,0,0,0,False,False,False,WIN-SYS,0,0,0,0,0,0,0,0,0,0,0,0,0,0,0,0,0,0,0,0,0,0,0,0,0,0,0,0,0
0c8d54b4-1f6b-431d-b14d-304182e66428,1530118308244,3880,2832,taskkill /IM SDScan.exe /T /F,C:\Windows\system32\taskkill.exe,Child process,4,191,84,0,0,0,False,False,False,WIN-SYS,0,0,0,0,0,0,0,0,0,0,0,0,0,0,0,0,0,0,0,0,0,0,0,0,0,0,0,0,0
0c8d54b4-1f6b-431d-b14d-304182e66428,1530118309264,2784,2832,taskkill /IM SDFSSvc.exe /T /F,C:\Windows\system32\taskkill.exe,Child process,4,191,91,0,0,0,False,False,False,WIN-SYS,0,0,0,0,0,0,0,0,0,0,0,0,0,0,0,0,0,0,0,0,0,0,0,0,0,0,0,0,0
0c8d54b4-1f6b-431d-b14d-304182e66428,1530118310279,3604,2832,taskkill /IM SDWelcome.exe /T /F,C:\Windows\system32\taskkill.exe,Child process,4,191,91,0,0,0,False,False,False,WIN-SYS,0,0,0,0,0,0,0,0,0,0,0,0,0,0,0,0,0,0,0,0,0,0,0,0,0,0,0,0,0
0c8d54b4-1f6b-431d-b14d-304182e66428,1530118311294,2200,2832,taskkill /IM SDTray.exe /T /F,C:\Windows\system32\taskkill.exe,Child process,4,191,91,0,0,0,False,False,False,WIN-SYS,0,0,0,0,0,0,0,0,0,0,0,0,0,0,0,0,0,0,0,0,0,0,0,0,0,0,0,0,0
0c8d54b4-1f6b-431d-b14d-304182e66428,1530118312294,2180,2832,taskkill /IM UnThreat.exe /T /F,C:\Windows\system32\taskkill.exe,Child process,4,191,84,0,0,0,False,False,False,WIN-SYS,0,0,0,0,0,0,0,0,0,0,0,0,0,0,0,0,0,0,0,0,0,0,0,0,0,0,0,0,0
0c8d54b4-1f6b-431d-b14d-304182e66428,1530118313310,3384,2832,taskkill /IM utsvc.exe /T /F,C:\Windows\system32\taskkill.exe,Child process,4,191,84,0,0,0,False,False,False,WIN-SYS,0,0,0,0,0,0,0,0,0,0,0,0,0,0,0,0,0,0,0,0,0,0,0,0,0,0,0,0,0
0c8d54b4-1f6b-431d-b14d-304182e66428,1530118314310,2108,2832,taskkill /IM FortiClient.exe /T /F,C:\Windows\system32\taskkill.exe,Child process,4,191,84,0,0,0,False,False,False,WIN-SYS,0,0,0,0,0,0,0,0,0,0,0,0,0,0,0,0,0,0,0,0,0,0,0,0,0,0,0,0,0
0c8d54b4-1f6b-431d-b14d-304182e66428,1530118315310,3180,2832,taskkill /IM fcappdb.exe /T /F,C:\Windows\system32\taskkill.exe,Child process,4,191,84,0,0,0,False,False,False,WIN-SYS,0,0,0,0,0,0,0,0,0,0,0,0,0,0,0,0,0,0,0,0,0,0,0,0,0,0,0,0,0
0c8d54b4-1f6b-431d-b14d-304182e66428,1530118316310,2436,2832,taskkill /IM FCDBlog.exe /T /F,C:\Windows\system32\taskkill.exe,Child process,4,191,105,0,0,0,False,False,False,WIN-SYS,0,0,0,0,0,0,0,0,0,0,0,0,0,0,0,0,0,0,0,0,0,0,0,0,0,0,0,0,0
0c8d54b4-1f6b-431d-b14d-304182e66428,1530118317310,2488,2832,taskkill /IM FCHelper64.exe /T /F,C:\Windows\system32\taskkill.exe,Child process,4,191,91,0,0,0,False,False,False,WIN-SYS,0,0,0,0,0,0,0,0,0,0,0,0,0,0,0,0,0,0,0,0,0,0,0,0,0,0,0,0,0
0c8d54b4-1f6b-431d-b14d-304182e66428,1530118318310,2140,2832,taskkill /IM fmon.exe /T /F,C:\Windows\system32\taskkill.exe,Child process,4,191,91,0,0,0,False,False,False,WIN-SYS,0,0,0,0,0,0,0,0,0,0,0,0,0,0,0,0,0,0,0,0,0,0,0,0,0,0,0,0,0
0c8d54b4-1f6b-431d-b14d-304182e66428,1530118319310,2272,2832,taskkill /IM FortiESNAC.exe /T /F,C:\Windows\system32\taskkill.exe,Child process,4,191,84,0,0,0,False,False,False,WIN-SYS,0,0,0,0,0,0,0,0,0,0,0,0,0,0,0,0,0,0,0,0,0,0,0,0,0,0,0,0,0
0c8d54b4-1f6b-431d-b14d-304182e66428,1530118320310,2764,2832,taskkill /IM FortiProxy.exe /T /F,C:\Windows\system32\taskkill.exe,Child process,4,191,84,0,0,0,False,False,False,WIN-SYS,0,0,0,0,0,0,0,0,0,0,0,0,0,0,0,0,0,0,0,0,0,0,0,0,0,0,0,0,0
0c8d54b4-1f6b-431d-b14d-304182e66428,1530118321310,2544,2832,taskkill /IM FortiSSLVPNdaemon.exe /T /F,C:\Windows\system32\taskkill.exe,Child process,4,192,91,0,0,0,False,False,False,WIN-SYS,0,0,0,0,0,0,0,0,0,0,0,0,0,0,0,0,0,0,0,0,0,0,0,0,0,0,0,0,0
0c8d54b4-1f6b-431d-b14d-304182e66428,1530118322326,3212,2832,taskkill /IM FortiTray.exe /T /F,C:\Windows\system32\taskkill.exe,Child process,4,191,84,0,0,0,False,False,False,WIN-SYS,0,0,0,0,0,0,0,0,0,0,0,0,0,0,0,0,0,0,0,0,0,0,0,0,0,0,0,0,0
0c8d54b4-1f6b-431d-b14d-304182e66428,1530118323326,3796,2832,taskkill /IM FortiFW.exe /T /F,C:\Windows\system32\taskkill.exe,Child process,4,191,84,0,0,0,False,False,False,WIN-SYS,0,0,0,0,0,0,0,0,0,0,0,0,0,0,0,0,0,0,0,0,0,0,0,0,0,0,0,0,0
0c8d54b4-1f6b-431d-b14d-304182e66428,1530118324341,3284,2832,taskkill /IM FortiClient_Diagnostic_Tool.exe /T /F,C:\Windows\system32\taskkill.exe,Child process,4,191,84,0,0,0,False,False,False,WIN-SYS,0,0,0,0,0,0,0,0,0,0,0,0,0,0,0,0,0,0,0,0,0,0,0,0,0,0,0,0,0
0c8d54b4-1f6b-431d-b14d-304182e66428,1530118325341,3152,2832,taskkill /IM av_task.exe /T /F,C:\Windows\system32\taskkill.exe,Child process,4,191,84,0,0,0,False,False,False,WIN-SYS,0,0,0,0,0,0,0,0,0,0,0,0,0,0,0,0,0,0,0,0,0,0,0,0,0,0,0,0,0
0c8d54b4-1f6b-431d-b14d-304182e66428,1530118326341,3456,2832,taskkill /IM CertReg.exe /T /F,C:\Windows\system32\taskkill.exe,Child process,4,191,84,0,0,0,False,False,False,WIN-SYS,0,0,0,0,0,0,0,0,0,0,0,0,0,0,0,0,0,0,0,0,0,0,0,0,0,0,0,0,0
0c8d54b4-1f6b-431d-b14d-304182e66428,1530118327357,3924,2832,taskkill /IM FilMsg.exe /T /F,C:\Windows\system32\taskkill.exe,Child process,4,191,84,0,0,0,False,False,False,WIN-SYS,0,0,0,0,0,0,0,0,0,0,0,0,0,0,0,0,0,0,0,0,0,0,0,0,0,0,0,0,0
0c8d54b4-1f6b-431d-b14d-304182e66428,1530118328373,2652,2832,taskkill /IM FilUp.exe /T /F,C:\Windows\system32\taskkill.exe,Child process,4,191,84,0,0,0,False,False,False,WIN-SYS,0,0,0,0,0,0,0,0,0,0,0,0,0,0,0,0,0,0,0,0,0,0,0,0,0,0,0,0,0
0c8d54b4-1f6b-431d-b14d-304182e66428,1530118329373,1004,2832,taskkill /IM filwscc.exe /T /F,C:\Windows\system32\taskkill.exe,Child process,4,191,84,0,0,0,False,False,False,WIN-SYS,0,0,0,0,0,0,0,0,0,0,0,0,0,0,0,0,0,0,0,0,0,0,0,0,0,0,0,0,0
0c8d54b4-1f6b-431d-b14d-304182e66428,1530118330373,3508,2832,taskkill /IM filwscc.exe /T /F,C:\Windows\system32\taskkill.exe,Child process,4,191,91,0,0,0,False,False,False,WIN-SYS,0,0,0,0,0,0,0,0,0,0,0,0,0,0,0,0,0,0,0,0,0,0,0,0,0,0,0,0,0
0c8d54b4-1f6b-431d-b14d-304182e66428,1530118331373,3944,2832,taskkill /IM psview.exe /T /F,C:\Windows\system32\taskkill.exe,Child process,4,191,91,0,0,0,False,False,False,WIN-SYS,0,0,0,0,0,0,0,0,0,0,0,0,0,0,0,0,0,0,0,0,0,0,0,0,0,0,0,0,0
0c8d54b4-1f6b-431d-b14d-304182e66428,1530118332373,820,2832,taskkill /IM quamgr.exe /T /F,C:\Windows\system32\taskkill.exe,Child process,4,191,105,0,0,0,False,False,False,WIN-SYS,0,0,0,0,0,0,0,0,0,0,0,0,0,0,0,0,0,0,0,0,0,0,0,0,0,0,0,0,0
0c8d54b4-1f6b-431d-b14d-304182e66428,1530118333373,3440,2832,taskkill /IM quamgr.exe /T /F,C:\Windows\system32\taskkill.exe,Child process,4,191,91,0,0,0,False,False,False,WIN-SYS,0,0,0,0,0,0,0,0,0,0,0,0,0,0,0,0,0,0,0,0,0,0,0,0,0,0,0,0,0
0c8d54b4-1f6b-431d-b14d-304182e66428,1530118334373,3472,2832,taskkill /IM schmgr.exe /T /F,C:\Windows\system32\taskkill.exe,Child process,4,191,84,0,0,0,False,False,False,WIN-SYS,0,0,0,0,0,0,0,0,0,0,0,0,0,0,0,0,0,0,0,0,0,0,0,0,0,0,0,0,0
0c8d54b4-1f6b-431d-b14d-304182e66428,1530118335388,1284,2832,taskkill /IM schmgr.exe /T /F,C:\Windows\system32\taskkill.exe,Child process,4,191,91,0,0,0,False,False,False,WIN-SYS,0,0,0,0,0,0,0,0,0,0,0,0,0,0,0,0,0,0,0,0,0,0,0,0,0,0,0,0,0
0c8d54b4-1f6b-431d-b14d-304182e66428,1530118336388,3352,2832,taskkill /IM twsscan.exe /T /F,C:\Windows\system32\taskkill.exe,Child process,4,191,84,0,0,0,False,False,False,WIN-SYS,0,0,0,0,0,0,0,0,0,0,0,0,0,0,0,0,0,0,0,0,0,0,0,0,0,0,0,0,0
0c8d54b4-1f6b-431d-b14d-304182e66428,1530118337404,2640,2832,taskkill /IM twssrv.exe /T /F,C:\Windows\system32\taskkill.exe,Child process,4,191,84,0,0,0,False,False,False,WIN-SYS,0,0,0,0,0,0,0,0,0,0,0,0,0,0,0,0,0,0,0,0,0,0,0,0,0,0,0,0,0
0c8d54b4-1f6b-431d-b14d-304182e66428,1530118338419,3424,2832,taskkill /IM UserReg.exe /T /F,C:\Windows\system32\taskkill.exe,Child process,4,191,91,0,0,0,False,False,False,WIN-SYS,0,0,0,0,0,0,0,0,0,0,0,0,0,0,0,0,0,0,0,0,0,0,0,0,0,0,0,0,0
